,station_id,date,flow,flow_log,chunk_id,id_in_chunk
0,152170020,2015-08-10,0.09,0.08617769624105233,0,343
1,153220270,2015-09-10,4.68,1.7369512327330598,2,458
2,153190180,2015-08-10,0.22,0.1988508587451652,3,318
3,153190180,2015-08-17,0.22,0.1988508587451652,3,317
4,150190310,2015-11-25,1.12,0.7514160886839212,1,364
5,154220010,2015-08-04,1.43,0.8878912573524571,3,448
6,154220010,2015-08-17,1.35,0.8544153281560676,3,447
7,154220010,2015-11-25,1.0,0.6931471805599453,3,445
8,154150040,2015-07-04,18.9,2.990719731730447,1,42
9,154150040,2015-08-13,13.3,2.6602595372658615,1,41
10,153190040,2015-08-10,0.55,0.4382549309311553,3,395
11,153190040,2015-08-17,0.49,0.3987761199573678,3,396
12,153210070,2015-11-25,2.78,1.3297240096314962,3,149
13,151200120,2015-08-04,31.3,3.475067230228611,2,405
14,151200120,2015-11-25,18.2,2.9549102790337356,2,401
15,154150050,2015-07-04,7.14,2.096790180014449,1,39
16,154150050,2015-08-20,5.2,1.8245492920510458,1,40
17,154160020,2015-07-04,6.21,1.9754689512968577,1,51
18,154160020,2015-08-20,7.2,2.1041341542702074,1,52
19,152230190,2015-09-10,0.13,0.12221763272424921,2,482
20,152190100,2015-11-25,0.91,0.6471032420585385,3,284
21,150190140,2015-10-03,4.78,1.7544036826842861,1,169
22,150190050,2015-10-03,0.47,0.3852624007906449,1,255
23,150220110,2015-08-14,0.88,0.6312717768418579,2,229
24,150220110,2015-09-10,1.43,0.8878912573524571,2,227
25,151220130,2015-08-14,1.06,0.7227059828014898,2,318
26,151220130,2015-09-10,1.04,0.712949807856125,2,319
27,150200070,2015-11-25,2.32,1.199964782928397,1,402
28,152150100,2015-07-04,7.3,2.1162555148025524,0,370
29,152150100,2015-08-20,3.43,1.4883995840570443,0,371
30,153180050,2015-08-10,6.06,1.9544450515051506,3,354
31,153180050,2015-08-17,5.89,1.9300710850255671,3,355
32,150200020,2015-11-25,0.34,0.29266961396282,2,5
33,152230010,2015-09-10,0.43,0.3576744442718159,3,238
34,151170110,2015-08-20,3.85,1.578978704949392,0,326
35,150190060,2015-10-03,1.28,0.8241754429663495,1,252
36,154180070,2015-08-03,1.05,0.7178397931503169,1,145
37,152230110,2015-09-10,2.82,1.3402504226184837,2,442
38,151220060,2015-09-10,1.03,0.708035793053696,2,354
39,152200120,2015-11-25,4.91,1.776645831418007,3,263
40,154200010,2015-08-17,0.35,0.30010459245033805,3,409
41,154170240,2015-08-03,0.024,0.023716526617316044,3,380
42,150200140,2015-11-25,1.57,0.9439058989071285,1,407
43,153180030,2015-08-10,1.37,0.8628899551470399,3,369
44,153180030,2015-08-17,1.29,0.8285518175661483,3,370
45,152220070,2015-09-10,0.51,0.412109650826833,3,242
46,153190050,2015-08-10,7.13,2.0955609235597192,3,311
47,153190050,2015-08-17,6.79,2.052840859882657,3,312
48,151210040,2015-11-25,1.29,0.8285518175661483,2,247
49,153180110,2015-08-10,4.2,1.6486586255873816,3,373
50,153180110,2015-08-17,4.11,1.631199404215613,3,374
51,154220090,2015-08-04,0.7,0.5306282510621704,3,454
52,153190160,2015-11-25,1.76,1.0152306797290587,3,261
53,150200030,2015-11-25,4.21,1.6505798557652755,1,498
54,151180120,2015-08-20,14.9,2.766319109226186,0,249
55,153220100,2015-08-17,12.1,2.5726122302071057,3,43
56,153220100,2015-11-25,7.16,2.0992441689760155,3,42
57,154210030,2015-08-04,0.63,0.48858001481867097,3,423
58,154210030,2015-08-14,0.43,0.3576744442718159,3,422
59,154210030,2015-08-17,0.42,0.35065687161316933,3,424
60,154210030,2015-11-25,0.51,0.412109650826833,3,420
61,151200100,2015-11-25,0.25,0.22314355131420976,2,237
62,150220140,2015-08-11,1.41,0.8796267475025636,2,162
63,150220140,2015-09-10,1.35,0.8544153281560676,2,163
64,153220110,2015-08-17,0.7,0.5306282510621704,3,62
65,153220110,2015-11-25,0.36,0.3074846997479606,3,61
66,153180080,2015-08-10,851.0,6.747586526829315,1,230
67,153180080,2015-08-17,606.0,6.408528791059498,1,229
68,152150230,2015-07-04,1.12,0.7514160886839212,1,13
69,152150230,2015-08-20,0.72,0.5423242908253616,1,11
70,152230030,2015-09-10,0.43,0.3576744442718159,2,494
71,153170050,2015-08-13,3.99,1.6074359097634274,3,323
72,149190080,2015-10-03,1.48,0.9082585601768908,1,299
73,152150130,2015-07-04,142.0,4.962844630259907,0,18
74,149220080,2015-08-11,0.33,0.2851789422336624,2,124
75,149220080,2015-09-10,0.24,0.2151113796169455,2,122
76,154160080,2015-07-04,1.3,0.832909122935104,1,48
77,154160080,2015-08-13,0.89,0.636576829071551,1,43
78,154160080,2015-08-20,1.34,0.8501509293696101,1,47
79,151210070,2015-11-25,0.8,0.5877866649021191,2,378
80,153220090,2015-08-17,0.71,0.5364933705145685,3,103
81,153220090,2015-11-25,0.99,0.688134638736401,3,104
82,149190120,2015-10-03,1.5,0.9162907318741551,1,305
83,153220310,2015-08-17,0.62,0.4824261492442927,3,101
84,153220310,2015-11-25,0.25,0.22314355131420976,3,100
85,153180010,2015-08-10,4.17,1.6428726885203377,3,352
86,153160260,2015-08-13,1.25,0.8109302162163288,0,442
87,152210100,2015-11-25,0.29,0.2546422183735807,3,154
88,149190010,2015-10-03,0.58,0.4574248470388754,1,244
89,149190230,2015-10-03,7.22,2.1065702090680887,1,178
90,149190230,2015-11-25,7.26,2.1114245875328868,1,179
91,154230030,2015-08-04,2.79,1.332366019094335,3,456
92,150200160,2015-11-25,0.35,0.30010459245033805,2,8
93,152180150,2015-08-20,0.96,0.6729444732424258,0,302
94,151190120,2015-11-25,1.82,1.0367368849500223,2,409
95,149200090,2015-11-25,2.91,1.3635373739972745,1,384
96,150200110,2015-11-25,1.51,0.9202827531436926,1,408
97,151150050,2015-07-04,39.9,3.7111300630487563,0,186
98,153210220,2015-08-17,14.9,2.766319109226186,3,118
99,153210220,2015-11-25,9.9,2.388762789235098,3,115
100,151230060,2015-08-14,21.8,3.126760535960395,3,170
101,151230060,2015-09-10,13.2,2.653241964607215,3,167
102,152150240,2015-07-04,20.1,3.0492730404820207,0,485
103,152150240,2015-08-20,12.1,2.5726122302071057,0,488
104,153150100,2015-07-04,8.68,2.2700619012884857,0,483
105,153150100,2015-08-20,5.2,1.8245492920510458,0,480
106,153150120,2015-07-04,3.85,1.578978704949392,0,478
107,153150120,2015-08-20,1.62,0.9631743177730056,0,477
108,153150070,2015-07-04,0.3,0.26236426446749106,1,31
109,149220150,2015-09-10,0.98,0.6830968447064438,2,71
110,149220040,2015-08-11,35.4,3.594568774642695,2,88
111,149220040,2015-09-10,25.9,3.292126286607793,2,85
112,153190100,2015-08-10,0.4,0.33647223662121295,3,314
113,153190100,2015-08-17,0.28,0.2468600779315258,3,313
114,153220060,2015-08-17,1.68,0.9858167945227653,3,86
115,153220060,2015-11-25,1.22,0.7975071958841881,3,85
116,153230010,2015-09-10,2.29,1.1908875647772805,3,10
117,153180020,2015-08-10,817.0,6.706862336602747,1,227
118,153180020,2015-08-17,608.0,6.411818267709897,1,228
119,152220050,2015-09-10,33.5,3.5409593240373143,3,187
120,152180010,2015-08-10,0.1,0.09531017980432487,0,414
121,152160150,2015-08-10,0.32,0.2776317365982795,0,342
122,149210120,2015-08-11,0.49,0.3987761199573678,2,203
123,149210120,2015-09-10,0.69,0.5247285289349821,2,202
124,153150090,2015-07-04,1.72,1.000631880307906,1,22
125,153150090,2015-08-20,1.08,0.7323678937132266,1,21
126,150190270,2015-10-03,0.66,0.5068176023684519,1,283
127,154220110,2015-08-04,0.69,0.5247285289349821,3,443
128,154220110,2015-08-17,0.55,0.4382549309311553,3,444
129,154220110,2015-11-25,0.22,0.1988508587451652,3,441
130,149200190,2015-10-03,14.4,2.7343675094195836,1,426
131,150220060,2015-08-11,0.74,0.5538851132264376,2,206
132,150220060,2015-09-10,0.91,0.6471032420585385,2,207
133,152180020,2015-08-10,0.22,0.1988508587451652,0,415
134,152150040,2015-07-04,141.0,4.955827057601261,0,291
135,152150040,2015-08-20,76.8,4.354141431184346,0,290
136,152150140,2015-07-04,57.1,4.062165663857866,0,412
137,152150140,2015-08-20,31.7,3.4873750779032076,0,413
138,150230070,2015-09-10,0.85,0.6151856390902335,3,197
139,154160060,2015-08-13,4.17,1.6428726885203377,1,85
140,154160060,2015-08-20,5.49,1.8702625307159986,1,84
141,150180080,2015-07-11,1.5,0.9162907318741551,0,47
142,150180080,2015-08-10,1.0,0.6931471805599453,0,48
143,150210200,2015-09-10,1.71,0.9969486348916095,2,67
144,153230160,2015-09-10,0.09,0.08617769624105233,2,498
145,153180100,2015-08-10,878.0,6.778784897685177,1,232
146,153180100,2015-08-17,641.0,6.464588303689961,1,231
147,149200310,2015-10-03,0.24,0.2151113796169455,1,490
148,151140010,2015-07-04,23.1,3.1822118404966093,0,228
149,151210050,2015-11-25,193.0,5.267858159063328,1,208
150,153160200,2015-08-13,1.99,1.095273387402595,0,423
151,153230130,2015-09-10,0.2,0.18232155679395462,3,44
152,150220050,2015-08-11,6.78,2.0515563381903004,2,224
153,150220050,2015-08-14,5.84,1.922787731634459,2,223
154,150220050,2015-09-10,5.37,1.851599469584072,2,219
155,149220070,2015-08-11,0.81,0.5933268452777344,2,137
156,149220070,2015-09-10,0.82,0.598836501088704,2,134
157,153200010,2015-08-10,1.11,0.7466879474879752,3,306
158,151150030,2015-07-04,0.5,0.4054651081081644,0,217
159,151150030,2015-08-13,0.3,0.26236426446749106,0,216
160,149210140,2015-08-11,0.45,0.37156355643248307,2,200
161,149210140,2015-09-10,0.48,0.3920420877760237,2,198
162,149180130,2015-10-03,0.06,0.058268908123975775,0,27
163,149190240,2015-10-03,0.22,0.1988508587451652,3,469
164,149190250,2015-10-03,0.19,0.173953307123438,3,472
165,150200130,2015-11-25,36.5,3.624340932976365,1,188
166,153230120,2015-09-10,3.57,1.5195132049061133,3,458
167,150190350,2015-11-25,0.87,0.6259384308664953,2,406
168,150220100,2015-08-11,62.8,4.155753190350744,2,96
169,150220100,2015-09-10,40.9,3.735285826928092,2,93
170,149210080,2015-08-11,1.84,1.0438040521731147,2,61
171,149210080,2015-09-10,2.16,1.1505720275988207,2,59
172,149190060,2015-10-03,2.13,1.1410330045520618,1,166
173,150190180,2015-10-03,10.1,2.4069451083182885,1,268
174,149190290,2015-11-25,0.44,0.36464311358790924,1,333
175,154220050,2015-08-04,0.47,0.3852624007906449,3,439
176,154220050,2015-08-17,0.28,0.2468600779315258,3,440
177,154220050,2015-11-25,0.2,0.18232155679395462,3,437
178,153200030,2015-08-10,1.83,1.0402767116551463,3,402
179,149220110,2015-08-11,0.73,0.5481214085096876,2,131
180,149220110,2015-09-10,0.45,0.37156355643248307,2,130
181,149190020,2015-10-03,0.23,0.20701416938432615,1,313
182,150200150,2015-11-25,66.1,4.206184043977636,1,191
183,149200040,2015-11-25,2.54,1.264126727145683,1,378
184,152190120,2015-11-25,265.0,5.583496308781699,1,226
185,152200010,2015-08-04,2.37,1.2149127443642704,3,289
186,152200010,2015-11-25,1.82,1.0367368849500223,3,285
187,154220100,2015-08-04,0.34,0.29266961396282,3,450
188,151190080,2015-11-25,1.11,0.7466879474879752,2,415
189,149190280,2015-10-03,2.04,1.1118575154181303,1,411
190,152160060,2015-07-04,1.1,0.7419373447293773,0,339
191,154160030,2015-08-13,0.5,0.4054651081081644,1,53
192,154160030,2015-08-20,0.79,0.5822156198526637,1,54
193,152160090,2015-07-04,1.04,0.712949807856125,0,335
194,152180110,2015-08-20,1.34,0.8501509293696101,0,306
195,149190300,2015-10-03,0.89,0.636576829071551,1,435
196,152160110,2015-07-04,5.24,1.8309801823813363,0,351
197,152160110,2015-08-10,1.04,0.712949807856125,0,350
198,153210020,2015-11-25,1.22,0.7975071958841881,3,157
199,150230040,2015-08-14,9.3,2.33214389523559,2,289
200,150230040,2015-09-10,9.08,2.3105532626432224,2,286
201,151180060,2015-08-20,0.23,0.20701416938432615,0,329
202,153180060,2015-08-10,6.41,2.0028304393079956,3,357
203,153180060,2015-08-17,7.02,2.081938421878423,3,356
204,149210090,2015-08-11,0.54,0.43178241642553783,2,40
205,149210090,2015-09-10,0.27,0.23901690047049992,2,37
206,150190240,2015-10-03,0.38,0.32208349916911333,0,246
207,154200020,2015-08-10,0.38,0.32208349916911333,3,407
208,149210110,2015-08-11,1.59,0.9516578757114464,2,180
209,154200020,2015-08-17,0.33,0.2851789422336624,3,406
210,149210110,2015-09-10,1.93,1.0750024230289759,2,178
211,149220170,2015-09-10,0.63,0.48858001481867097,3,466
212,149200160,2015-10-03,13.2,2.653241964607215,1,423
213,149220200,2015-08-11,1.48,0.9082585601768908,2,153
214,149220200,2015-09-10,2.37,1.2149127443642704,2,150
215,152200090,2015-08-04,1.18,0.7793248768009976,3,290
216,152200090,2015-11-25,0.74,0.5538851132264376,3,291
217,153210010,2015-08-17,2.2,1.1631508098056809,3,145
218,153210010,2015-11-25,2.44,1.235471471385307,3,146
219,150240020,2015-09-10,9.22,2.3243465847755584,3,163
220,150230030,2015-08-14,1.25,0.8109302162163288,2,308
221,150230030,2015-09-10,0.89,0.636576829071551,2,306
222,149190350,2015-11-25,0.48,0.3920420877760237,1,396
223,152230080,2015-09-10,25.4,3.2733640101522705,3,177
224,152160010,2015-07-04,36.9,3.6349511120883804,0,403
225,152160010,2015-08-20,19.2,3.005682604407159,0,402
226,153220150,2015-08-17,1.67,0.9820784724121581,3,67
227,153220150,2015-11-25,0.76,0.5653138090500605,3,66
228,150160040,2015-07-11,0.25,0.22314355131420976,1,147
229,153150030,2015-07-04,0.47,0.3852624007906449,1,30
230,153190130,2015-08-10,2.13,1.1410330045520618,3,316
231,150190210,2015-10-03,0.007,0.006975613736425242,1,271
232,152190050,2015-08-20,0.54,0.43178241642553783,3,273
233,153180130,2015-08-10,0.3,0.26236426446749106,3,393
234,153180130,2015-08-17,0.32,0.2776317365982795,3,394
235,154170040,2015-08-13,0.29,0.2546422183735807,1,63
236,150180070,2015-07-11,4.56,1.715598108262491,0,55
237,150180070,2015-08-10,4.65,1.7316555451583495,0,57
238,151210030,2015-11-25,1.02,0.7030975114131134,2,371
239,149220060,2015-08-11,17.1,2.89591193827178,2,80
240,149220060,2015-09-10,16.0,2.833213344056216,2,77
241,150220090,2015-08-11,75.8,4.341204640153626,2,100
242,150220090,2015-09-10,45.7,3.8437441646748516,2,97
243,153190150,2015-08-10,1.16,0.7701082216960736,3,315
244,153190020,2015-08-10,0.4,0.33647223662121295,3,361
245,153190020,2015-08-17,0.35,0.30010459245033805,3,360
246,151220090,2015-09-10,12.8,2.624668592163159,2,294
247,152200100,2015-11-25,0.55,0.4382549309311553,3,267
248,151150190,2015-07-04,0.28,0.2468600779315258,0,159
249,149190370,2015-11-25,0.3,0.26236426446749106,1,393
250,151220070,2015-08-14,2.21,1.1662709371419244,2,326
251,151220070,2015-09-10,2.64,1.2919836816486494,2,327
252,149190360,2015-10-03,0.26,0.23111172096338664,1,438
253,149190390,2015-10-03,0.4,0.33647223662121295,1,441
254,149200270,2015-10-03,0.25,0.22314355131420976,1,480
255,150190130,2015-10-03,1.12,0.7514160886839212,1,262
256,149190140,2015-10-03,0.44,0.36464311358790924,1,327
257,153150080,2015-07-04,3.43,1.4883995840570443,1,25
258,153150080,2015-08-20,2.22,1.169381359556317,1,24
259,152210120,2015-11-25,2.53,1.2612978709452054,3,253
260,149190070,2015-10-03,0.13,0.12221763272424921,1,324
261,152199992,2015-08-04,2.24,1.1755733298042381,3,276
262,152199992,2015-11-25,2.24,1.1755733298042381,3,275
263,151150090,2015-07-04,6.21,1.9754689512968577,0,207
264,151150090,2015-08-13,3.71,1.5496879080283263,0,208
265,154190170,2015-08-17,3.8,1.5686159179138452,3,403
266,149200100,2015-10-03,1.52,0.924258901523332,1,456
267,152140080,2015-07-04,1.51,0.9202827531436926,0,244
268,152210030,2015-11-25,2.0,1.0986122886681096,3,161
269,152230070,2015-09-10,3.86,1.5810384379124023,3,214
270,154220030,2015-08-17,0.71,0.5364933705145685,3,82
271,154220030,2015-11-25,0.6,0.4700036292457356,3,79
272,152229999,2015-11-25,28.6,3.3877743613300146,3,192
273,150230080,2015-08-14,2.29,1.1908875647772805,2,274
274,150230080,2015-09-10,2.14,1.144222799920162,2,275
275,150200050,2015-11-25,1.47,0.9042181506398859,2,20
276,151210020,2015-11-25,1.12,0.7514160886839212,2,243
277,154210100,2015-08-04,5.54,1.8779371654691073,3,436
278,154210100,2015-08-17,4.26,1.6601310267496183,3,435
279,154210100,2015-11-25,2.28,1.1878434223960523,3,433
280,152150180,2015-07-04,1.2,0.7884573603642702,1,8
281,152150180,2015-08-20,0.21,0.1906203596086497,1,7
282,152150120,2015-07-04,0.93,0.6575200029167942,0,377
283,152150120,2015-08-20,0.41,0.3435897043900769,0,376
284,153210230,2015-08-17,0.97,0.6780335427498971,3,129
285,153210230,2015-11-25,0.25,0.22314355131420976,3,130
286,149190030,2015-10-03,0.09,0.08617769624105233,1,241
287,154180020,2015-08-03,0.54,0.43178241642553783,1,122
288,151220050,2015-09-10,0.27,0.23901690047049992,2,360
289,150200010,2015-11-25,0.64,0.49469624183610705,1,495
290,150210030,2015-11-25,0.4,0.33647223662121295,2,35
291,152200110,2015-11-25,257.0,5.552959584921617,1,220
292,150200120,2015-11-25,0.88,0.6312717768418579,2,11
293,153150020,2015-07-04,0.89,0.636576829071551,1,18
294,149200060,2015-11-25,1.51,0.9202827531436926,1,375
295,149200080,2015-11-25,1.62,0.9631743177730056,1,390
296,149200300,2015-10-03,5.91,1.9329696377795786,1,471
297,149200290,2015-10-03,7.69,2.162172939277301,1,474
298,153210040,2015-08-17,0.21,0.1906203596086497,3,138
299,153210040,2015-11-25,0.13,0.12221763272424921,3,139
300,153160070,2015-07-04,1.99,1.095273387402595,0,455
301,153160070,2015-08-20,1.12,0.7514160886839212,0,454
302,152230090,2015-09-10,3.14,1.420695787837223,2,446
303,152230100,2015-09-10,0.47,0.3852624007906449,2,486
304,150180090,2015-08-10,0.18,0.16551443847757338,0,39
305,151180090,2015-08-20,0.73,0.5481214085096876,0,294
306,149200120,2015-10-03,0.19,0.173953307123438,1,462
307,150230010,2015-08-14,5.07,1.803358605071407,2,281
308,150230010,2015-09-10,4.43,1.691939133945844,2,278
309,149220210,2015-08-11,0.77,0.5709795465857378,2,157
310,149220210,2015-09-10,0.77,0.5709795465857378,2,154
311,150220030,2015-08-11,96.5,4.579852378003801,2,111
312,150220030,2015-09-10,43.0,3.784189633918261,2,106
313,150190100,2015-10-03,4.43,1.691939133945844,1,289
314,151150150,2015-07-04,130.0,4.875197323201151,0,14
315,152150190,2015-07-04,57.1,4.062165663857866,0,407
316,152150190,2015-08-20,30.9,3.462606009790799,0,408
317,152210130,2015-11-25,0.28,0.2468600779315258,3,248
318,151200090,2015-08-04,21.6,3.1179499062782403,2,400
319,151200090,2015-11-25,14.3,2.72785282839839,2,398
320,153190090,2015-08-10,5.48,1.8687205103641835,3,309
321,153190090,2015-08-17,5.03,1.7967470107390942,3,310
322,154190110,2015-08-17,0.09,0.08617769624105233,3,401
323,153210210,2015-08-17,43.2,3.7887247890836524,2,475
324,153210210,2015-11-25,28.3,3.3775875160230218,2,472
325,149220010,2015-08-11,0.12,0.11332868530700317,2,197
326,149220010,2015-09-10,0.06,0.058268908123975775,2,194
327,153230170,2015-09-10,0.33,0.2851789422336624,3,2
328,149200240,2015-10-03,21.6,3.1179499062782403,1,429
329,149200250,2015-10-03,0.89,0.636576829071551,1,483
330,149200260,2015-10-03,0.09,0.08617769624105233,1,486
331,149200030,2015-10-03,2.56,1.269760544863939,1,414
332,149200050,2015-10-03,5.37,1.851599469584072,1,417
333,152160100,2015-07-04,65.8,4.2017030805426,0,270
334,152160100,2015-08-10,42.2,3.765840495250065,0,271
335,152160030,2015-07-04,0.42,0.35065687161316933,0,373
336,151200080,2015-08-04,3.22,1.4398351280479205,2,433
337,151200080,2015-11-25,2.08,1.1249295969854831,2,429
338,150190330,2015-11-25,0.35,0.30010459245033805,1,367
339,153160250,2015-08-13,0.06,0.058268908123975775,0,447
340,151230030,2015-09-10,0.36,0.3074846997479606,3,202
341,149220030,2015-08-11,26.2,3.3032169733019514,2,84
342,149220030,2015-09-10,19.2,3.005682604407159,2,81
343,151180010,2015-08-20,0.14,0.1310282624064041,0,331
344,151200040,2015-08-04,1.99,1.095273387402595,2,428
345,151200040,2015-11-25,1.07,0.7275486072772778,2,423
346,150230050,2015-08-14,1.0,0.6931471805599453,2,310
347,150230050,2015-09-10,0.85,0.6151856390902335,2,311
348,151160140,2015-07-04,5.99,1.9444805562457188,0,143
349,149190260,2015-11-25,0.56,0.44468582126144574,1,336
350,153210090,2015-11-25,30.7,3.456316680883235,2,476
351,151150020,2015-07-04,2.48,1.247032293786383,0,234
352,150220160,2015-08-11,3.52,1.5085119938441398,2,217
353,150220160,2015-09-10,2.98,1.3812818192963463,2,215
354,150190160,2015-10-03,3.4,1.4816045409242156,1,308
355,151220120,2015-09-10,0.43,0.3576744442718159,2,348
356,154190100,2015-08-10,0.36,0.3074846997479606,3,398
357,154190100,2015-08-17,0.37,0.31481073984003355,3,399
358,152230050,2015-09-10,0.66,0.5068176023684519,3,220
359,149190150,2015-10-03,0.78,0.5766133643039938,1,321
360,154200040,2015-08-17,0.13,0.12221763272424921,3,414
361,152210020,2015-08-04,1.18,0.7793248768009976,2,440
362,152210020,2015-11-25,0.84,0.6097655716208943,2,437
363,153220010,2015-08-17,26.8,3.3250360206965914,2,471
364,153220010,2015-11-25,16.6,2.8678989020441064,2,468
365,153160180,2015-07-04,22.6,3.1612467120315646,0,432
366,153160180,2015-08-10,14.6,2.747270914255491,0,433
367,150200080,2015-11-25,6.33,1.9919755158985601,2,1
368,153210190,2015-08-17,10.2,2.4159137783010487,3,110
369,153210190,2015-11-25,6.65,2.0347056478384444,3,109
370,151180020,2015-08-20,3.08,1.4060969884160703,0,321
371,150190190,2015-10-03,0.1,0.09531017980432487,1,258
372,152230040,2015-09-10,3.67,1.541159071680806,2,450
373,151180140,2015-08-20,5.92,1.9344157696295783,0,296
374,149220140,2015-09-10,0.61,0.4762341789963716,2,120
375,152140130,2015-07-04,190.0,5.25227342804663,0,24
376,150200100,2015-11-25,35.7,3.6027767550605247,1,185
377,150140010,2015-07-04,3.36,1.4724720573609429,0,218
378,149200010,2015-10-03,0.53,0.4252677354043441,1,453
379,152230020,2015-09-10,1.95,1.0818051703517284,3,208
380,152180060,2015-08-20,0.05,0.04879016416943201,0,308
381,154230010,2015-08-04,1.22,0.7975071958841881,3,452
382,152160140,2015-08-10,39.4,3.6988297849671046,0,267
383,154210020,2015-08-04,1.55,0.9360933591703348,3,419
384,154210020,2015-08-14,1.24,0.8064758658669485,3,417
385,154210020,2015-08-17,0.96,0.6729444732424258,3,418
386,154210020,2015-11-25,0.62,0.4824261492442927,3,415
387,153220080,2015-08-17,2.52,1.2584609896100059,3,90
388,153220080,2015-11-25,1.87,1.0543120297715298,3,87
389,149200170,2015-11-25,7.73,2.166765369851511,1,387
390,154180270,2015-08-17,2.4,1.2237754316221157,3,388
391,152170040,2015-07-04,2.12,1.1378330018213911,0,348
392,152170040,2015-08-10,0.54,0.43178241642553783,0,347
393,154210080,2015-08-04,2.78,1.3297240096314962,3,429
394,154210080,2015-08-17,2.02,1.1052568313867783,3,430
395,154210080,2015-11-25,0.73,0.5481214085096876,3,431
396,153220140,2015-08-17,3.73,1.5539252025038417,3,95
397,153220140,2015-11-25,2.59,1.2781522025001875,3,91
398,151190090,2015-11-25,5.61,1.888583653863595,2,385
399,149220190,2015-08-11,50.8,3.9473901492654373,2,92
400,149220190,2015-09-10,37.0,3.6375861597263857,2,89
401,151140030,2015-07-04,0.28,0.2468600779315258,0,241
402,151140040,2015-07-04,13.8,2.6946271807700692,0,226
403,153210170,2015-08-17,13.3,2.6602595372658615,3,114
404,153210170,2015-11-25,8.42,2.2428350885882717,3,113
405,151220140,2015-08-14,0.28,0.2468600779315258,2,322
406,151220140,2015-09-10,0.29,0.2546422183735807,2,323
407,149210150,2015-08-11,0.3,0.26236426446749106,2,171
408,149210150,2015-09-10,0.46,0.3784364357202451,2,170
409,150190170,2015-10-03,19.4,3.0155349008501706,1,172
410,149190340,2015-10-03,0.14,0.1310282624064041,1,370
411,149190340,2015-11-25,0.96,0.6729444732424258,1,371
412,150180060,2015-07-11,49.8,3.927896354584436,0,5
413,150180060,2015-08-10,23.2,3.186352633162641,0,7
414,153220240,2015-08-17,1.34,0.8501509293696101,3,51
415,153220240,2015-11-25,1.5,0.9162907318741551,3,50
416,150190080,2015-10-03,1.36,0.8586616190375187,1,265
417,150210210,2015-09-10,53.0,3.9889840465642745,2,112
418,149190270,2015-11-25,0.43,0.3576744442718159,1,361
419,149190050,2015-10-03,1.19,0.7839015438284094,1,295
420,153220200,2015-08-17,1.32,0.8415671856782186,3,75
421,153220200,2015-11-25,0.59,0.46373401623214017,3,74
422,150210010,2015-11-25,0.41,0.3435897043900769,2,25
423,153150050,2015-07-04,7.69,2.162172939277301,1,26
424,151140050,2015-07-04,2.25,1.1786549963416462,0,236
425,153190120,2015-08-10,2.89,1.358409157630355,3,308
426,151210060,2015-11-25,2.51,1.2556160374777745,2,368
427,153180150,2015-08-10,1.09,0.7371640659767197,3,363
428,153180150,2015-08-17,1.02,0.7030975114131134,3,362
429,149210010,2015-10-03,2.16,1.1505720275988207,2,49
430,151230020,2015-09-10,0.07,0.06765864847381481,3,226
431,151230050,2015-08-14,0.5,0.4054651081081644,3,201
432,151230050,2015-09-10,0.22,0.1988508587451652,3,198
433,150220020,2015-09-10,1.14,0.76080582903376,2,231
434,149190160,2015-10-03,0.029,0.028587456851912555,1,358
435,149220160,2015-08-11,0.48,0.3920420877760237,2,148
436,149220160,2015-09-10,0.39,0.3293037471426004,2,146
437,150210040,2015-11-25,0.14,0.1310282624064041,2,255
438,150220010,2015-08-11,5.26,1.8341801851120072,2,188
439,150220010,2015-09-10,8.98,2.300583090323373,2,186
440,150220070,2015-08-11,88.5,4.4942386252808095,2,105
441,150220070,2015-09-10,58.2,4.0809215418899605,2,101
442,153190140,2015-08-10,1.91,1.068153081183401,3,307
443,152200060,2015-11-25,0.1,0.09531017980432487,3,269
444,154180010,2015-08-10,0.38,0.32208349916911333,3,368
445,150220040,2015-08-11,0.35,0.30010459245033805,2,212
446,150220040,2015-09-10,0.31,0.27002713721306015,2,211
447,152140110,2015-07-04,1.54,0.9321640810304452,0,243
448,154210010,2015-08-04,9.13,2.315501318260592,3,412
449,154210010,2015-08-14,7.68,2.1610215286722587,3,411
450,154210010,2015-08-17,7.33,2.1198634561787513,3,413
451,154160040,2015-08-13,0.67,0.5128236264286637,1,60
452,154160040,2015-08-20,1.35,0.8544153281560676,1,58
453,151220110,2015-09-10,1.08,0.7323678937132266,2,336
454,149210160,2015-08-11,0.37,0.31481073984003355,2,177
455,149210160,2015-09-10,0.38,0.32208349916911333,2,174
456,150140020,2015-07-04,4.96,1.7850704810772584,0,220
457,151180080,2015-08-20,23.2,3.186352633162641,0,251
458,150200060,2015-11-25,26.7,3.3214324131932926,1,182
459,152190110,2015-11-25,0.19,0.173953307123438,3,303
460,149190220,2015-10-03,0.6,0.4700036292457356,1,351
461,149190220,2015-11-25,0.56,0.44468582126144574,1,352
462,152150110,2015-07-04,78.6,4.377014092850337,0,286
463,152150110,2015-08-20,43.6,3.7977338590260183,0,284
464,150190250,2015-10-03,3.75,1.55814461804655,1,286
465,152180050,2015-08-20,24.2,3.2268439945173775,0,257
466,150200090,2015-11-25,0.48,0.3920420877760237,2,17
467,151200110,2015-08-04,2.46,1.2412685890696329,2,367
468,151200110,2015-11-25,1.09,0.7371640659767197,2,363
469,150190260,2015-10-03,21.6,3.1179499062782403,1,175
470,152150170,2015-07-04,3.85,1.578978704949392,0,161
471,153170140,2015-08-10,14.6,2.747270914255491,3,335
472,153170140,2015-08-17,14.9,2.766319109226186,3,334
473,151220100,2015-08-14,4.1,1.62924053973028,2,335
474,151220100,2015-09-10,3.94,1.597365331199831,2,332
475,153230080,2015-09-10,0.28,0.2468600779315258,3,18
476,153230140,2015-09-10,0.78,0.5766133643039938,3,14
477,151200020,2015-08-04,23.0,3.1780538303479458,2,395
478,151200020,2015-11-25,12.6,2.6100697927420065,2,391
479,153210050,2015-08-17,1.08,0.7323678937132266,3,122
480,153210050,2015-11-25,2.01,1.1019400787607843,3,119
481,149200140,2015-10-03,11.8,2.5494451709255714,1,420
482,153160030,2015-07-04,0.3,0.26236426446749106,0,475
483,153160030,2015-08-20,0.06,0.058268908123975775,0,474
484,153150010,2015-07-04,6.67,2.0373166153791646,1,15
485,154160070,2015-08-13,9.57,2.3580197998821464,1,73
486,154160070,2015-08-20,10.5,2.4423470353692043,1,69
487,149200220,2015-10-03,9.89,2.387844936944869,1,477
488,153160080,2015-07-04,0.42,0.35065687161316933,1,32
489,153160080,2015-08-20,0.24,0.2151113796169455,1,33
490,152200080,2015-11-25,0.08,0.07696104113612832,3,270
491,149200130,2015-11-25,2.04,1.1118575154181303,1,399
492,149190310,2015-11-25,2.58,1.275362800412609,1,381
493,150240010,2015-09-10,11.5,2.5257286443082556,3,165
494,149220180,2015-09-10,0.49,0.3987761199573678,2,116
495,149190200,2015-10-03,0.3,0.26236426446749106,1,355
496,149190210,2015-10-03,1.33,0.8458682675776092,1,339
497,151190100,2015-11-25,8.21,2.2202898502672155,2,388
498,153230110,2015-09-10,1.88,1.0577902941478545,3,6
499,152220080,2015-09-10,4.28,1.66392609771817,2,454
500,153170060,2015-08-13,5.64,1.8931119634883424,3,328
501,153170070,2015-08-13,2.67,1.3001916620664788,3,344
502,150190070,2015-10-03,2.23,1.172482137234565,1,280
503,149200020,2015-10-03,2.36,1.2119409739751128,1,447
504,152160080,2015-07-04,0.58,0.4574248470388754,0,360
505,152160080,2015-08-10,0.1,0.09531017980432487,0,362
506,152160080,2015-08-20,0.11,0.10436001532424277,0,361
507,149220020,2015-08-11,1.03,0.708035793053696,2,141
508,149220020,2015-09-10,1.04,0.712949807856125,2,138
509,153160150,2015-08-13,0.28,0.2468600779315258,0,437
510,153210140,2015-08-17,0.3,0.26236426446749106,3,137
511,153210140,2015-11-25,0.28,0.2468600779315258,3,136
512,151150120,2015-07-04,24.9,3.254242968705492,0,178
513,151150130,2015-07-04,1.14,0.76080582903376,0,198
514,151150120,2015-08-13,10.4,2.4336133554004498,0,179
515,151150130,2015-08-13,0.37,0.31481073984003355,0,200
516,153200020,2015-11-25,0.64,0.49469624183610705,3,265
517,153230070,2015-09-10,0.7,0.5306282510621704,3,30
518,153190010,2015-08-10,0.47,0.3852624007906449,3,365
519,153190010,2015-08-17,0.47,0.3852624007906449,3,364
520,153190190,2015-08-10,0.31,0.27002713721306015,3,319
521,153190190,2015-08-17,0.3,0.26236426446749106,3,320
522,151220080,2015-09-10,2.32,1.199964782928397,2,342
523,154180150,2015-08-10,973.0,6.881411303642535,1,235
524,154180150,2015-08-17,656.0,6.487684018484611,1,234
525,149220100,2015-08-11,2.11,1.1346227261911428,2,129
526,149220100,2015-09-10,1.32,0.8415671856782186,2,126
527,153180040,2015-08-10,0.45,0.37156355643248307,3,359
528,153180040,2015-08-17,0.66,0.5068176023684519,3,358
529,150200040,2015-11-25,2.65,1.2947271675944,2,14
530,151230010,2015-08-14,7.99,2.196112848483529,2,293
531,151230010,2015-09-10,6.44,2.0068708488450007,2,290
532,152170150,2015-08-20,0.014,0.013902905168991422,0,313
533,149200110,2015-10-03,3.13,1.4182774069729414,1,459
534,150220080,2015-08-11,10.8,2.468099531471619,2,193
535,150220080,2015-09-10,13.0,2.639057329615259,2,190
536,152200020,2015-11-25,2.18,1.1568811967920856,3,262
537,154150010,2015-07-04,18.6,2.975529566236472,1,27
538,152230060,2015-09-10,0.027,0.02664193094642118,2,490
539,150140030,2015-07-04,0.35,0.30010459245033805,0,231
540,153160020,2015-07-04,5.9,1.9315214116032138,1,35
541,153160020,2015-08-20,4.01,1.6114359150967734,1,36
542,149200150,2015-10-03,0.46,0.3784364357202451,1,468
543,153160170,2015-07-04,9.39,2.340843805111136,0,386
544,153160170,2015-08-10,2.87,1.3532545070416904,0,387
545,153160160,2015-07-04,33.8,3.5496173867804286,0,390
546,153160160,2015-08-10,17.8,2.9338568698359033,0,391
547,153210080,2015-08-17,2.36,1.2119409739751128,3,126
548,153210080,2015-11-25,1.56,0.9400072584914712,3,123
549,151180110,2015-08-20,20.3,3.0587070727153796,0,253
550,149190180,2015-10-03,1.49,0.9122827104766162,1,342
551,153210120,2015-11-25,0.29,0.2546422183735807,3,142
552,152210040,2015-08-04,927.0,6.833031732786201,1,214
553,152210040,2015-11-25,181.0,5.204006687076795,1,211
554,154180050,2015-08-03,0.03,0.0295588022415444,1,136
555,151210010,2015-11-25,0.54,0.43178241642553783,2,240
556,150190280,2015-10-03,2.29,1.1908875647772805,2,381
557,150190280,2015-11-25,3.17,1.4279160358107101,2,382
558,151200070,2015-11-25,0.12,0.11332868530700317,2,412
559,154210070,2015-08-04,3.05,1.3987168811184478,3,428
560,154210070,2015-08-17,1.87,1.0543120297715298,3,427
561,154210070,2015-11-25,0.57,0.4510756193602167,3,425
562,151180150,2015-08-20,0.002,0.001998002662673056,0,297
563,152170030,2015-08-10,0.16,0.14842000511827327,0,344
564,153160110,2015-07-04,3.7,1.547562508716013,0,467
565,153160110,2015-08-13,2.6,1.2809338454620645,0,463
566,153160110,2015-08-20,2.51,1.2556160374777745,0,465
567,150230020,2015-08-14,6.45,2.0082140323914683,2,282
568,150230020,2015-09-10,6.45,2.0082140323914683,2,283
569,149180140,2015-10-03,0.18,0.16551443847757338,1,160
570,149180160,2015-10-03,0.08,0.07696104113612832,1,156
571,149180180,2015-10-03,0.16,0.14842000511827327,1,152
572,149180200,2015-10-03,0.07,0.06765864847381481,1,148
573,153220070,2015-08-17,24.6,3.242592351485517,2,467
574,153220070,2015-11-25,14.9,2.766319109226186,2,466
575,152200070,2015-08-04,0.42,0.35065687161316933,3,295
576,152200070,2015-11-25,0.027,0.02664193094642118,3,296
577,150210220,2015-11-25,0.15,0.13976194237515868,2,261
578,151230040,2015-09-10,16.2,2.8449093838194073,3,171
579,152210070,2015-11-25,0.96,0.6729444732424258,2,434
580,152160050,2015-07-04,70.2,4.26549281841793,0,275
581,152160050,2015-08-20,40.5,3.725693427236653,0,276
582,152200150,2015-11-25,261.0,5.568344503761097,1,222
583,153170040,2015-07-04,1.62,0.9631743177730056,0,418
584,153170040,2015-08-10,0.66,0.5068176023684519,0,419
585,152210090,2015-11-25,35.0,3.58351893845611,3,195
586,152200030,2015-11-25,254.0,5.541263545158426,1,224
587,153160190,2015-08-13,4.15,1.6389967146756448,0,456
588,149220050,2015-08-11,1.74,1.007957920399979,2,145
589,149220050,2015-09-10,1.94,1.0784095813505903,2,142
590,150220120,2015-08-14,2.12,1.1378330018213911,2,302
591,150220120,2015-09-10,1.85,1.0473189942805592,2,303
592,149190320,2015-10-03,0.046,0.044973365642731154,1,450
593,149190380,2015-10-03,1.6,0.9555114450274365,1,444
594,152210060,2015-11-25,38.6,3.6788291182604347,2,479
595,154180030,2015-08-03,1.01,0.6981347220709844,1,140
596,150220130,2015-08-11,1.98,1.091923300517313,2,169
597,150220130,2015-09-10,1.79,1.0260415958332743,2,166
598,154180110,2015-08-10,2.62,1.2864740258376797,3,372
599,154180110,2015-08-17,2.49,1.2499017362143359,3,371
600,149190170,2015-10-03,1.58,0.9477893989335261,1,345
601,149220130,2015-09-10,1.02,0.7030975114131134,2,74
602,151190110,2015-08-04,1.31,0.8372475245337022,2,421
603,151190110,2015-11-25,0.9,0.6418538861723948,2,418
604,153230060,2015-09-10,0.25,0.22314355131420976,3,22
605,149190190,2015-10-03,0.42,0.35065687161316933,1,348
606,152150220,2015-07-04,1.11,0.7466879474879752,0,366
607,149210100,2015-08-11,0.5,0.4054651081081644,2,56
608,149210100,2015-09-10,0.8,0.5877866649021191,2,55
609,154230040,2015-09-10,0.62,0.4824261492442927,3,462
610,151140060,2015-07-04,10.2,2.4159137783010487,0,223
611,151150010,2015-07-04,0.54,0.43178241642553783,0,238
612,150220170,2015-08-14,1.39,0.8712933659434192,2,272
613,150220170,2015-09-10,1.2,0.7884573603642702,2,270
614,149190090,2015-10-03,0.1,0.09531017980432487,1,317
615,151150070,2015-07-04,2.1,1.1314021114911006,0,211
616,151150080,2015-07-04,32.1,3.4995332823830174,0,182
617,151150070,2015-08-13,1.29,0.8285518175661483,0,213
618,151150080,2015-08-13,13.9,2.7013612129514133,0,183
619,149210130,2015-08-11,3.98,1.6054298910365616,2,183
620,149210130,2015-09-10,5.17,1.8196988379172965,2,182
621,152170090,2015-08-10,0.1,0.09531017980432487,0,416
622,149210070,2015-08-11,1.32,0.8415671856782186,2,42
623,149210070,2015-09-10,1.34,0.8501509293696101,2,41
624,152200050,2015-08-04,6.56,2.0228711901914416,3,283
625,152200050,2015-11-25,6.39,2.0001277349601105,3,279
626,149190100,2015-10-03,2.73,1.3164082336557241,1,302
627,150210180,2016-08-08,273.0,5.6131281063880705,1,202
628,150210180,2016-08-28,171.0,5.147494476813453,1,201
629,153220270,2016-06-26,20.8,3.0819099697950434,2,460
630,153220270,2016-08-28,7.86,2.1815467646169897,2,461
631,153220270,2016-10-17,9.07,2.309560706730471,2,459
632,150190310,2016-05-23,1.82,1.0367368849500223,1,365
633,150190310,2016-08-28,1.52,0.924258901523332,1,366
634,154220010,2016-10-17,1.3,0.832909122935104,3,446
635,150150040,2016-08-27,0.38,0.32208349916911333,0,196
636,153210070,2016-08-28,4.22,1.6524974018945473,3,151
637,153210070,2016-10-17,3.72,1.551808799597464,3,150
638,151200120,2016-08-28,22.4,3.152736022363656,2,404
639,153220280,2016-08-28,1.6,0.9555114450274365,3,54
640,151200120,2016-09-07,19.6,3.0252910757955354,2,402
641,151200120,2016-09-27,23.3,3.190476350346503,2,403
642,153220280,2016-10-17,1.68,0.9858167945227653,3,53
643,150160250,2016-09-13,0.034,0.03343477608623739,0,104
644,154150050,2016-09-13,6.0,1.9459101490553132,1,38
645,154160020,2016-09-13,7.4,2.128231705849268,1,50
646,152230190,2016-06-26,1.65,0.9745596399981308,2,485
647,152230190,2016-08-28,0.46,0.3784364357202451,2,484
648,152230190,2016-10-17,0.7,0.5306282510621704,2,483
649,150190140,2016-05-23,24.1,3.2228678461377385,1,171
650,150190140,2016-08-28,8.36,2.2364452904895007,1,170
651,150190050,2016-05-23,1.0,0.6931471805599453,1,257
652,150190050,2016-08-28,0.88,0.6312717768418579,1,256
653,150220110,2016-08-28,0.82,0.598836501088704,2,230
654,150220110,2016-10-17,1.08,0.7323678937132266,2,228
655,150200070,2016-05-23,3.36,1.4724720573609429,1,403
656,150200070,2016-08-28,2.47,1.244154593958768,1,404
657,151220130,2016-08-28,1.07,0.7275486072772778,2,321
658,151220130,2016-10-17,0.93,0.6575200029167942,2,320
659,152150100,2016-06-05,8.12,2.21046980408624,0,368
660,152150100,2016-08-27,3.58,1.5216989981260935,0,369
661,152150100,2016-09-13,2.79,1.332366019094335,0,367
662,150150130,2016-08-27,0.59,0.46373401623214017,0,170
663,150200020,2016-07-22,0.7,0.5306282510621704,2,6
664,150200020,2016-08-28,0.52,0.41871033485818504,2,7
665,152230010,2016-06-26,1.11,0.7466879474879752,3,240
666,152230010,2016-08-28,0.42,0.35065687161316933,3,241
667,152230010,2016-10-17,0.8,0.5877866649021191,3,239
668,151170110,2016-05-23,16.0,2.833213344056216,0,325
669,151170110,2016-09-10,3.06,1.4011829736136412,0,322
670,151170110,2016-09-13,3.44,1.4906543764441333,0,323
671,150180040,2016-05-23,0.96,0.6729444732424258,0,36
672,150180040,2016-11-22,0.6,0.4700036292457356,0,37
673,150190060,2016-05-23,2.04,1.1118575154181303,1,254
674,150190060,2016-08-28,2.32,1.199964782928397,1,253
675,154180070,2016-05-06,2.02,1.1052568313867783,1,146
676,154180070,2016-09-13,1.8,1.0296194171811583,1,143
677,154180070,2016-09-16,8.77,2.2793164660546914,1,144
678,152230110,2016-06-26,5.22,1.827769906751088,2,445
679,152230110,2016-08-28,2.86,1.3506671834767394,2,444
680,152230110,2016-10-17,2.83,1.3428648031925547,2,443
681,151220060,2016-06-26,2.18,1.1568811967920856,2,359
682,151220060,2016-08-08,1.01,0.6981347220709844,2,358
683,151220060,2016-08-28,0.65,0.5007752879124893,2,357
684,151220060,2016-09-07,0.36,0.3074846997479606,2,355
685,151220060,2016-10-17,1.41,0.8796267475025636,2,356
686,152200120,2016-08-28,5.88,1.9286186519452522,3,264
687,154200010,2016-09-13,0.26,0.23111172096338664,3,408
688,150160280,2016-09-13,0.11,0.10436001532424277,0,106
689,154170240,2016-05-06,0.08,0.07696104113612832,3,381
690,154180230,2016-05-06,0.74,0.5538851132264376,3,378
691,154170240,2016-09-13,0.05,0.04879016416943201,3,379
692,154180230,2016-09-13,0.51,0.412109650826833,3,377
693,150200140,2016-05-23,2.39,1.220829921392359,1,406
694,150200140,2016-08-28,0.51,0.412109650826833,1,405
695,151210130,2016-08-08,1.01,0.6981347220709844,2,235
696,151210130,2016-08-28,0.93,0.6575200029167942,2,236
697,152220070,2016-06-26,2.33,1.2029723039923526,3,243
698,152220070,2016-08-28,0.95,0.6678293725756554,3,245
699,152220070,2016-10-17,1.6,0.9555114450274365,3,244
700,151210040,2016-07-22,1.85,1.0473189942805592,2,249
701,151210040,2016-08-08,3.43,1.4883995840570443,2,250
702,151210040,2016-08-28,1.45,0.8960880245566356,2,248
703,154220090,2016-10-17,0.39,0.3293037471426004,3,453
704,150190010,2016-05-23,0.45,0.37156355643248307,1,277
705,150200030,2016-07-22,7.74,2.167910189667444,1,499
706,150200030,2016-08-28,4.81,1.75958057086382,2,0
707,150210140,2016-08-28,0.72,0.5423242908253616,2,64
708,151160040,2016-08-27,0.72,0.5423242908253616,0,129
709,150150120,2016-08-27,0.4,0.33647223662121295,0,169
710,151180120,2016-09-13,12.3,2.5877640352277083,0,248
711,153220100,2016-08-28,7.13,2.0955609235597192,3,40
712,153220100,2016-10-17,9.42,2.343727036325221,3,41
713,154210030,2016-10-17,1.19,0.7839015438284094,3,421
714,151200100,2016-07-22,0.56,0.44468582126144574,2,238
715,151200100,2016-08-28,0.53,0.4252677354043441,2,239
716,154170110,2016-05-06,11.6,2.533696813957432,1,129
717,154170110,2016-09-13,9.48,2.349468678892896,1,127
718,154170110,2016-09-16,27.2,3.339321977944068,1,128
719,149180020,2016-05-23,36.7,3.629660094453965,0,0
720,154160140,2016-05-06,16.7,2.8735646395797834,1,98
721,154160140,2016-09-13,12.7,2.617395832834079,1,96
722,154160140,2016-09-16,24.4,3.2347491740244907,1,97
723,150220140,2016-08-28,1.1,0.7419373447293773,2,164
724,150220140,2016-09-14,1.02,0.7030975114131134,2,165
725,153220110,2016-08-28,0.54,0.43178241642553783,3,59
726,153220110,2016-10-17,0.38,0.32208349916911333,3,60
727,152150230,2016-06-05,0.95,0.6678293725756554,1,10
728,152150230,2016-08-27,0.73,0.5481214085096876,1,12
729,152150230,2016-09-13,0.79,0.5822156198526637,1,9
730,151150180,2016-08-27,0.43,0.3576744442718159,0,132
731,152230030,2016-06-26,0.76,0.5653138090500605,2,496
732,152230030,2016-08-28,0.21,0.1906203596086497,2,497
733,152230030,2016-10-17,0.58,0.4574248470388754,2,495
734,153170050,2016-05-06,6.01,1.9473377010464987,3,325
735,153170050,2016-08-27,3.83,1.5748464676644813,3,324
736,153170050,2016-09-13,3.99,1.6074359097634274,3,321
737,153170050,2016-09-16,4.29,1.665818245870208,3,322
738,154160130,2016-05-06,3.57,1.5195132049061133,1,76
739,154160130,2016-09-13,2.47,1.244154593958768,1,74
740,154160130,2016-09-16,8.32,2.2321626286975,1,75
741,149180060,2016-05-23,5.88,1.9286186519452522,0,31
742,149180070,2016-05-23,0.14,0.1310282624064041,0,32
743,149190080,2016-05-23,5.9,1.9315214116032138,1,301
744,149190080,2016-08-28,3.07,1.4036429994545037,1,300
745,149200330,2016-08-28,0.88,0.6312717768418579,1,493
746,152150130,2016-08-27,90.9,4.520701029361641,0,17
747,152150130,2016-09-13,66.3,4.209160236650682,0,16
748,149220080,2016-08-28,0.59,0.46373401623214017,2,123
749,154160080,2016-05-06,1.35,0.8544153281560676,1,49
750,154160080,2016-08-27,1.04,0.712949807856125,1,46
751,154160080,2016-09-13,2.22,1.169381359556317,1,44
752,154160080,2016-09-16,2.29,1.1908875647772805,1,45
753,151210070,2016-08-28,0.69,0.5247285289349821,2,380
754,151210070,2016-09-07,0.72,0.5423242908253616,2,379
755,153220090,2016-08-28,1.02,0.7030975114131134,3,105
756,153220090,2016-10-17,0.54,0.43178241642553783,3,106
757,149190120,2016-05-23,8.6,2.2617630984737906,1,307
758,149190120,2016-08-28,2.19,1.1600209167967532,1,306
759,153220310,2016-08-28,0.29,0.2546422183735807,3,102
760,153220310,2016-09-10,0.08,0.07696104113612832,3,98
761,153220310,2016-10-17,0.15,0.13976194237515868,3,99
762,153180010,2016-05-06,4.63,1.728109442151599,3,353
763,153180010,2016-09-13,4.4,1.6863989535702286,3,351
764,153160260,2016-05-06,2.2,1.1631508098056809,0,444
765,153160260,2016-08-27,1.01,0.6981347220709844,0,443
766,153160260,2016-09-13,1.14,0.76080582903376,0,440
767,153160260,2016-09-16,3.16,1.425515074273172,0,441
768,152210100,2016-08-28,0.91,0.6471032420585385,3,156
769,152210100,2016-10-17,0.57,0.4510756193602167,3,155
770,149200230,2016-08-28,32.0,3.4965075614664802,1,432
771,149190010,2016-05-23,1.62,0.9631743177730056,1,246
772,149190010,2016-08-28,1.55,0.9360933591703348,1,245
773,149180250,2016-05-23,1.86,1.0508216248317612,1,239
774,149180250,2016-08-28,0.71,0.5364933705145685,1,238
775,151210090,2016-08-08,6.85,2.060513531794317,2,253
776,151210090,2016-08-28,5.63,1.891604804197771,2,254
777,149190230,2016-05-23,49.2,3.9160150266976834,1,181
778,149190230,2016-08-28,14.4,2.7343675094195836,1,180
779,154230030,2016-08-28,2.22,1.169381359556317,3,457
780,154230030,2016-10-17,1.76,1.0152306797290587,3,455
781,150200160,2016-07-22,0.41,0.3435897043900769,2,9
782,150200160,2016-08-28,0.37,0.31481073984003355,2,10
783,152180150,2016-09-13,2.4,1.2237754316221157,0,301
784,151190120,2016-07-22,2.42,1.2296405510745139,2,410
785,151190120,2016-08-28,1.8,1.0296194171811583,2,411
786,151150140,2016-08-27,8.2,2.2192034840549946,0,175
787,151210120,2016-08-28,211.0,5.356586274672012,1,206
788,151210120,2016-09-07,243.0,5.497168225293202,1,205
789,153220260,2016-08-28,2.35,1.208960345836975,3,35
790,153220260,2016-10-17,4.08,1.6253112615903906,3,34
791,149200090,2016-05-23,9.04,2.306577114263583,1,386
792,149200090,2016-08-28,3.7,1.547562508716013,1,385
793,150200110,2016-05-23,2.98,1.3812818192963463,1,409
794,150200110,2016-08-28,1.61,0.9593502213346021,1,410
795,150170220,2016-05-23,1.63,0.9669838461896731,0,67
796,150170220,2016-09-13,0.71,0.5364933705145685,0,65
797,150170220,2016-11-22,0.36,0.3074846997479606,0,66
798,151150050,2016-08-27,24.4,3.2347491740244907,0,185
799,151150050,2016-09-13,14.0,2.70805020110221,0,184
800,153210220,2016-08-28,15.0,2.772588722239781,3,116
801,153210220,2016-10-17,15.6,2.8094026953624973,3,117
802,151230060,2016-08-28,16.0,2.833213344056216,3,169
803,151230060,2016-10-17,8.39,2.2396452932201716,3,168
804,152150240,2016-06-05,19.2,3.005682604407159,0,486
805,152150240,2016-08-27,12.4,2.5952547069568657,0,487
806,152150240,2016-09-13,12.8,2.624668592163159,0,484
807,153150100,2016-06-05,7.75,2.169053700369523,0,482
808,153150100,2016-08-27,3.81,1.5706970841176697,0,481
809,153150100,2016-09-13,4.59,1.7209792871670078,0,479
810,153150120,2016-09-13,1.69,0.9895411936137477,0,476
811,151160050,2016-08-27,1.57,0.9439058989071285,0,125
812,149220150,2016-08-28,14.6,2.747270914255491,2,73
813,149220040,2016-08-28,16.5,2.8622008809294686,2,86
814,150160140,2016-09-13,0.27,0.23901690047049992,0,112
815,153220060,2016-08-28,1.07,0.7275486072772778,3,83
816,153220060,2016-10-17,1.27,0.8197798314933114,3,84
817,153230010,2016-06-26,7.09,2.0906287310704004,3,11
818,153230010,2016-08-28,4.45,1.6956156086751528,3,13
819,153230010,2016-10-17,7.04,2.084429083190875,3,12
820,152220050,2016-06-26,138.0,4.9344739331306915,3,190
821,152220050,2016-08-28,52.9,3.9871304779149517,3,189
822,152220050,2016-10-17,47.2,3.8753590210565547,3,188
823,154170070,2016-05-06,8.22,2.2213750375685026,1,92
824,154170070,2016-09-13,6.57,2.0241930674493576,1,90
825,154170070,2016-09-16,15.9,2.827313621929028,1,91
826,150180220,2016-05-23,3.67,1.541159071680806,0,51
827,150180180,2016-05-23,4.06,1.6213664832993742,0,52
828,150210110,2016-08-28,0.28,0.2468600779315258,2,63
829,149180240,2016-05-23,12.1,2.5726122302071057,1,165
830,149210120,2016-08-28,0.98,0.6830968447064438,2,205
831,153150090,2016-09-13,1.02,0.7030975114131134,1,20
832,150190270,2016-05-23,0.73,0.5481214085096876,1,284
833,150190270,2016-08-28,0.38,0.32208349916911333,1,285
834,153140090,2016-05-02,12.7,2.617395832834079,1,16
835,154220110,2016-10-17,0.47,0.3852624007906449,3,442
836,149180040,2016-05-23,0.79,0.5822156198526637,0,35
837,149200190,2016-08-08,38.1,3.66612246699132,1,428
838,149200190,2016-08-28,20.2,3.054001181677967,1,427
839,154180060,2016-05-06,3.28,1.4539530095937054,3,383
840,154180060,2016-09-13,3.47,1.4973884086254774,3,382
841,149210020,2016-08-28,0.28,0.2468600779315258,2,54
842,150220060,2016-08-28,0.84,0.6097655716208943,2,210
843,150220060,2016-09-14,0.98,0.6830968447064438,2,208
844,151180070,2016-11-22,0.31,0.27002713721306015,0,318
845,152150040,2016-06-05,142.0,4.962844630259907,0,289
846,152150040,2016-08-27,83.9,4.441474093317302,0,288
847,152150040,2016-09-13,75.8,4.341204640153626,0,287
848,150160100,2016-09-13,1.27,0.8197798314933114,0,88
849,152150140,2016-06-05,47.1,3.8732821771117156,0,411
850,152150140,2016-08-27,30.5,3.449987545831587,0,410
851,152150140,2016-09-13,29.6,3.4210000089583352,0,409
852,149180120,2016-05-23,1.29,0.8285518175661483,1,237
853,154160060,2016-05-06,6.09,1.958685340544036,1,86
854,154160060,2016-09-13,3.96,1.601405740736836,1,83
855,150180080,2016-05-23,1.51,0.9202827531436926,0,49
856,150180080,2016-10-23,1.4,0.8754687373538999,0,46
857,150180080,2016-11-22,1.08,0.7323678937132266,0,45
858,150210200,2016-08-08,1.26,0.8153648132841945,2,69
859,150210200,2016-08-28,0.8,0.5877866649021191,2,70
860,150210200,2016-09-14,0.88,0.6312717768418579,2,68
861,153230160,2016-06-26,0.39,0.3293037471426004,3,1
862,153230160,2016-08-28,0.21,0.1906203596086497,3,0
863,153230160,2016-10-17,0.44,0.36464311358790924,2,499
864,149200310,2016-08-08,0.46,0.3784364357202451,1,491
865,149200310,2016-08-28,0.42,0.35065687161316933,1,492
866,151140010,2016-08-27,21.8,3.126760535960395,0,227
867,151210050,2016-08-28,225.0,5.420534999272286,1,209
868,151210050,2016-09-07,223.0,5.4116460518550396,1,207
869,153160200,2016-05-06,3.4,1.4816045409242156,0,425
870,153160200,2016-08-27,1.83,1.0402767116551463,0,424
871,153160200,2016-09-13,1.49,0.9122827104766162,0,421
872,153160200,2016-09-16,1.95,1.0818051703517284,0,422
873,153230130,2016-06-26,1.1,0.7419373447293773,3,45
874,153230130,2016-08-28,0.45,0.37156355643248307,3,47
875,153230130,2016-10-17,0.58,0.4574248470388754,3,46
876,150220050,2016-08-08,7.17,2.1004689088719113,2,222
877,150220050,2016-08-28,5.53,1.8764069432883397,2,225
878,150220050,2016-09-14,5.46,1.8656293177945105,2,220
879,150220050,2016-10-17,4.89,1.7732559976634952,2,221
880,149220070,2016-08-28,2.56,1.269760544863939,2,135
881,151150030,2016-08-27,1.08,0.7323678937132266,0,215
882,151150030,2016-09-13,0.41,0.3435897043900769,0,214
883,149210140,2016-08-28,0.38,0.32208349916911333,2,199
884,149180130,2016-05-23,0.49,0.3987761199573678,0,30
885,149180130,2016-08-08,0.2,0.18232155679395462,0,28
886,149180130,2016-08-28,0.18,0.16551443847757338,0,29
887,149190240,2016-08-08,0.42,0.35065687161316933,3,471
888,149190250,2016-08-08,0.37,0.31481073984003355,3,474
889,149190240,2016-08-28,0.74,0.5538851132264376,3,470
890,149190250,2016-08-28,0.31,0.27002713721306015,3,473
891,152210140,2016-08-28,0.55,0.4382549309311553,3,257
892,152210140,2016-09-07,0.55,0.4382549309311553,3,256
893,150200130,2016-05-23,123.0,4.820281565605037,1,190
894,150200130,2016-08-28,72.7,4.300002799195291,1,189
895,149200200,2016-08-28,0.91,0.6471032420585385,1,489
896,150150030,2016-08-27,0.11,0.10436001532424277,0,192
897,153230120,2016-06-26,5.35,1.8484548129046003,3,460
898,153230120,2016-08-28,3.62,1.5303947050936475,3,461
899,153230120,2016-10-17,2.65,1.2947271675944,3,459
900,150190350,2016-07-22,1.45,0.8960880245566356,2,407
901,150190350,2016-08-28,1.43,0.8878912573524571,2,408
902,151160190,2016-09-13,3.24,1.4445632692438664,0,111
903,150220100,2016-08-28,18.9,2.990719731730447,2,95
904,150220100,2016-09-14,35.9,3.6082115510464816,2,94
905,149210080,2016-08-28,0.55,0.4382549309311553,2,60
906,149190060,2016-05-23,16.7,2.8735646395797834,1,167
907,149190060,2016-08-28,6.2,1.9740810260220096,1,168
908,150150070,2016-08-27,2.08,1.1249295969854831,0,194
909,150150080,2016-08-27,5.77,1.9125010869241836,0,173
910,150190180,2016-05-23,15.9,2.827313621929028,1,270
911,150190180,2016-08-28,11.6,2.533696813957432,1,269
912,149190290,2016-05-23,0.66,0.5068176023684519,1,334
913,149190290,2016-08-28,0.15,0.13976194237515868,1,335
914,154220050,2016-10-17,0.38,0.32208349916911333,3,438
915,149220110,2016-08-28,3.6,1.5260563034950494,2,133
916,149190020,2016-05-23,0.8,0.5877866649021191,1,316
917,149190020,2016-08-08,0.38,0.32208349916911333,1,315
918,149190020,2016-08-28,0.28,0.2468600779315258,1,314
919,150160010,2016-08-27,1.0,0.6931471805599453,0,171
920,150180010,2016-05-23,0.68,0.5187937934151676,0,60
921,150180010,2016-11-22,0.23,0.20701416938432615,0,61
922,150170150,2016-09-13,0.47,0.3852624007906449,0,95
923,153230020,2016-08-28,1.1,0.7419373447293773,3,58
924,153230020,2016-10-17,1.15,0.7654678421395714,3,57
925,150200150,2016-05-23,199.0,5.298317366548036,1,193
926,150200150,2016-08-28,117.0,4.770684624465665,1,192
927,149200040,2016-05-23,3.94,1.597365331199831,1,380
928,149200040,2016-08-28,1.74,1.007957920399979,1,379
929,151210080,2016-08-08,0.94,0.6626879730752367,2,265
930,151210080,2016-08-28,0.98,0.6830968447064438,2,266
931,152200010,2016-08-28,2.01,1.1019400787607843,3,286
932,152200010,2016-09-07,2.09,1.128171090909654,3,287
933,152200010,2016-09-27,2.32,1.199964782928397,3,288
934,154220100,2016-10-17,0.31,0.27002713721306015,3,449
935,149210030,2016-08-28,3.14,1.420695787837223,2,52
936,150180250,2016-05-23,0.45,0.37156355643248307,0,50
937,151190080,2016-07-22,1.09,0.7371640659767197,2,416
938,151190080,2016-08-28,0.71,0.5364933705145685,2,417
939,150210150,2016-08-08,171.0,5.147494476813453,1,196
940,150210150,2016-08-28,142.0,4.962844630259907,1,195
941,149190280,2016-08-08,3.35,1.4701758451005928,1,412
942,149190280,2016-08-28,3.19,1.4327007339340463,1,413
943,152160060,2016-08-27,0.36,0.3074846997479606,0,340
944,152160060,2016-09-13,0.54,0.43178241642553783,0,338
945,150210160,2016-08-08,0.81,0.5933268452777344,2,66
946,150210160,2016-08-28,0.5,0.4054651081081644,2,65
947,151160200,2016-09-13,0.23,0.20701416938432615,0,152
948,154160120,2016-05-06,8.55,2.256541154492639,1,68
949,154160120,2016-09-13,5.64,1.8931119634883424,1,66
950,154160120,2016-09-16,16.4,2.856470206220483,1,67
951,154160030,2016-05-06,1.23,0.8020015854720274,1,55
952,154160030,2016-09-13,1.0,0.6931471805599453,1,56
953,149200320,2016-08-28,1.98,1.091923300517313,1,494
954,152160090,2016-08-27,1.38,0.8671004876833832,0,336
955,152160090,2016-09-13,1.24,0.8064758658669485,0,334
956,152180110,2016-09-13,1.64,0.9707789171582247,0,305
957,149190300,2016-08-08,1.43,0.8878912573524571,1,436
958,149190300,2016-08-28,1.54,0.9321640810304452,1,437
959,151220010,2016-08-28,18.4,2.9652730660692823,2,301
960,151220010,2016-09-07,17.2,2.9014215940827497,2,300
961,152160110,2016-08-27,1.24,0.8064758658669485,0,352
962,152160110,2016-09-16,2.82,1.3402504226184837,0,349
963,150150110,2016-08-27,0.08,0.07696104113612832,0,191
964,149210050,2016-08-28,5.21,1.8261608959453874,2,45
965,150160120,2016-09-13,0.95,0.6678293725756554,0,109
966,153210020,2016-08-28,1.39,0.8712933659434192,3,159
967,153210020,2016-10-17,1.2,0.7884573603642702,3,158
968,150230040,2016-08-28,8.15,2.21375387928743,2,288
969,150230040,2016-10-17,7.89,2.1849270495258133,2,287
970,151180060,2016-09-13,0.16,0.14842000511827327,0,328
971,154160090,2016-05-06,2.29,1.1908875647772805,1,82
972,154160090,2016-09-13,1.72,1.000631880307906,1,80
973,154160090,2016-09-16,5.38,1.8531680973566984,1,81
974,149210090,2016-08-28,0.25,0.22314355131420976,2,38
975,150190240,2016-08-28,0.35,0.30010459245033805,0,247
976,154170020,2016-05-06,0.43,0.3576744442718159,1,104
977,154170020,2016-09-13,0.27,0.23901690047049992,1,102
978,154170020,2016-09-16,2.22,1.169381359556317,1,103
979,149210110,2016-08-28,3.2,1.4350845252893227,2,181
980,154200020,2016-09-13,0.53,0.4252677354043441,3,405
981,149200160,2016-08-08,32.2,3.502549875922443,1,424
982,149200160,2016-08-28,19.0,2.995732273553991,1,425
983,149220170,2016-08-28,2.27,1.184789984909162,3,467
984,149220200,2016-08-28,0.92,0.6523251860396903,2,152
985,149220200,2016-09-14,1.09,0.7371640659767197,2,151
986,152200090,2016-08-28,2.73,1.3164082336557241,3,293
987,152200090,2016-09-07,1.55,0.9360933591703348,3,292
988,152200090,2016-09-27,1.14,0.76080582903376,3,294
989,153210010,2016-08-28,2.21,1.1662709371419244,3,147
990,153210010,2016-10-17,2.63,1.2892326482767593,3,148
991,150240020,2016-06-26,23.7,3.2068032436339315,3,164
992,150230030,2016-08-28,0.98,0.6830968447064438,2,309
993,150230030,2016-10-17,0.76,0.5653138090500605,2,307
994,149190350,2016-05-23,0.92,0.6523251860396903,1,397
995,149190350,2016-08-28,0.46,0.3784364357202451,1,398
996,152230080,2016-06-26,110.0,4.709530201312334,3,182
997,152230080,2016-08-08,45.4,3.8372994592322094,3,180
998,152230080,2016-08-28,35.4,3.594568774642695,3,181
999,152230080,2016-09-07,30.3,3.4436180975461075,3,178
1000,152230080,2016-10-17,28.7,3.391147045808654,3,179
1001,150170210,2016-09-13,0.22,0.1988508587451652,0,97
1002,150170210,2016-11-22,0.16,0.14842000511827327,0,96
1003,152160010,2016-06-05,28.4,3.380994674344636,0,401
1004,152160010,2016-08-27,19.5,3.0204248861443626,0,400
1005,152160010,2016-09-13,21.6,3.1179499062782403,0,399
1006,149180010,2016-05-23,49.6,3.92395157629342,0,2
1007,151170010,2016-09-13,1.08,0.7323678937132266,0,121
1008,153220150,2016-08-28,0.87,0.6259384308664953,3,63
1009,153220150,2016-09-10,0.78,0.5766133643039938,3,64
1010,153220150,2016-10-17,0.71,0.5364933705145685,3,65
1011,153220230,2016-08-28,0.21,0.1906203596086497,3,27
1012,153220230,2016-10-17,0.13,0.12221763272424921,3,26
1013,151180030,2016-11-22,0.26,0.23111172096338664,0,327
1014,150190210,2016-05-23,0.26,0.23111172096338664,1,273
1015,150190210,2016-08-28,0.028,0.027615167032973367,1,272
1016,152190050,2016-09-13,1.0,0.6931471805599453,3,272
1017,154170040,2016-05-06,0.58,0.4574248470388754,1,64
1018,154170040,2016-08-27,0.29,0.2546422183735807,1,65
1019,154170040,2016-09-13,0.29,0.2546422183735807,1,61
1020,154170040,2016-09-16,0.98,0.6830968447064438,1,62
1021,150180070,2016-05-23,6.75,2.0476928433652555,0,56
1022,150180070,2016-10-23,6.38,1.998773638612381,0,53
1023,150180070,2016-11-22,2.86,1.3506671834767394,0,54
1024,151210030,2016-08-28,0.64,0.49469624183610705,2,373
1025,151210030,2016-09-07,0.74,0.5538851132264376,2,372
1026,149220060,2016-08-28,13.2,2.653241964607215,2,78
1027,151150060,2016-08-27,2.7,1.308332819650179,0,203
1028,150220090,2016-08-28,19.9,3.039749158970765,2,99
1029,150220090,2016-09-14,36.3,3.6189933266497696,2,98
1030,154170160,2016-05-06,6.37,1.9974177062012453,1,126
1031,154170160,2016-09-13,4.75,1.749199854809259,1,124
1032,154170160,2016-09-16,15.9,2.827313621929028,1,125
1033,151220090,2016-06-26,22.9,3.173878458937465,2,297
1034,151220090,2016-08-08,13.7,2.6878474937846906,2,298
1035,151220090,2016-08-28,13.1,2.6461747973841225,2,299
1036,151220090,2016-09-07,12.1,2.5726122302071057,2,295
1037,151220090,2016-10-17,13.2,2.653241964607215,2,296
1038,152200100,2016-08-28,1.13,0.7561219797213337,3,266
1039,151150190,2016-08-27,0.19,0.173953307123438,0,158
1040,151150190,2016-09-13,0.32,0.2776317365982795,0,157
1041,149190370,2016-05-23,0.5,0.4054651081081644,1,395
1042,149190370,2016-08-28,0.16,0.14842000511827327,1,394
1043,151220070,2016-08-08,1.58,0.9477893989335261,2,330
1044,151220070,2016-08-28,1.74,1.007957920399979,2,331
1045,151220070,2016-09-14,2.08,1.1249295969854831,2,328
1046,151220070,2016-10-17,1.8,1.0296194171811583,2,329
1047,149190360,2016-08-08,0.43,0.3576744442718159,1,440
1048,149190390,2016-08-08,1.11,0.7466879474879752,1,443
1049,149190360,2016-08-28,0.36,0.3074846997479606,1,439
1050,149190390,2016-08-28,0.74,0.5538851132264376,1,442
1051,149200270,2016-08-08,0.3,0.26236426446749106,1,482
1052,149200270,2016-08-28,0.28,0.2468600779315258,1,481
1053,149210040,2016-08-28,6.21,1.9754689512968577,2,46
1054,150190130,2016-05-23,2.95,1.3737155789130306,1,264
1055,150190130,2016-08-28,1.47,0.9042181506398859,1,263
1056,149180030,2016-05-23,11.6,2.533696813957432,0,33
1057,150160090,2016-09-13,1.44,0.8919980393051105,0,115
1058,151170040,2016-05-23,8.69,2.2710944259026746,0,140
1059,151170040,2016-09-10,1.03,0.708035793053696,0,137
1060,151170040,2016-09-13,0.91,0.6471032420585385,0,138
1061,149190140,2016-05-23,1.73,1.0043016091968684,1,329
1062,149190140,2016-08-28,1.7,0.9932517730102834,1,328
1063,153150080,2016-09-13,2.25,1.1786549963416462,1,23
1064,152210120,2016-08-28,1.91,1.068153081183401,3,255
1065,152210120,2016-10-17,2.9,1.3609765531356006,3,254
1066,149190070,2016-05-23,1.4,0.8754687373538999,1,325
1067,149190070,2016-08-28,0.27,0.23901690047049992,1,326
1068,150150090,2016-08-27,1.03,0.708035793053696,0,190
1069,152199992,2016-08-28,1.37,0.8628899551470399,3,278
1070,152199992,2016-09-07,1.27,0.8197798314933114,3,274
1071,152199992,2016-09-27,1.63,0.9669838461896731,3,277
1072,151150090,2016-08-27,6.52,2.017566137961748,0,206
1073,151150090,2016-09-13,5.23,1.8293763327993617,0,205
1074,154190170,2016-09-13,5.5,1.8718021769015913,3,404
1075,154170080,2016-05-06,4.25,1.6582280766035324,1,113
1076,154170080,2016-09-13,3.16,1.425515074273172,1,111
1077,154170080,2016-09-16,7.38,2.1258479144939915,1,112
1078,149200100,2016-08-08,4.06,1.6213664832993742,1,457
1079,149200100,2016-08-28,4.04,1.6174060820832772,1,458
1080,152140080,2016-08-27,0.95,0.6678293725756554,0,245
1081,152210030,2016-08-28,1.68,0.9858167945227653,3,162
1082,152210030,2016-10-17,2.41,1.2267122912954256,3,160
1083,151160150,2016-09-13,41.9,3.758871825933971,0,8
1084,152230070,2016-06-26,12.6,2.6100697927420065,3,219
1085,152230070,2016-08-08,5.46,1.8656293177945105,3,218
1086,152230070,2016-08-28,4.35,1.6770965609079151,3,217
1087,152230070,2016-09-07,4.03,1.6154199841116479,3,215
1088,152230070,2016-10-17,5.42,1.8594181177018698,3,216
1089,154220030,2016-08-28,0.47,0.3852624007906449,3,80
1090,154220030,2016-10-17,0.37,0.31481073984003355,3,81
1091,152229999,2016-08-28,55.1,4.027135812528651,3,193
1092,152229999,2016-10-17,47.5,3.8815637979434374,3,191
1093,150230080,2016-08-28,1.66,0.9783261227936076,2,276
1094,150230080,2016-10-17,1.67,0.9820784724121581,2,277
1095,150200050,2016-05-23,3.74,1.556037135706985,2,21
1096,150200050,2016-07-22,2.41,1.2267122912954256,2,22
1097,151210020,2016-07-22,1.99,1.095273387402595,2,244
1098,151210020,2016-08-08,2.35,1.208960345836975,2,246
1099,150200050,2016-08-28,2.21,1.1662709371419244,2,23
1100,151210020,2016-08-28,1.88,1.0577902941478545,2,245
1101,154210100,2016-10-17,3.71,1.5496879080283263,3,434
1102,150210120,2016-08-28,8.95,2.2975725511705014,2,48
1103,152150180,2016-06-05,2.0,1.0986122886681096,1,6
1104,152150180,2016-08-27,0.54,0.43178241642553783,1,5
1105,152150180,2016-09-13,0.74,0.5538851132264376,1,4
1106,152150120,2016-06-05,1.09,0.7371640659767197,0,379
1107,152150120,2016-08-27,0.38,0.32208349916911333,0,378
1108,152150120,2016-09-13,0.55,0.4382549309311553,0,375
1109,151210110,2016-08-28,0.3,0.26236426446749106,2,374
1110,151210110,2016-09-07,0.26,0.23111172096338664,2,375
1111,153210230,2016-08-28,0.9,0.6418538861723948,3,127
1112,153210230,2016-10-17,0.78,0.5766133643039938,3,128
1113,149190030,2016-05-23,0.55,0.4382549309311553,1,243
1114,149190030,2016-08-28,0.24,0.2151113796169455,1,242
1115,154180020,2016-05-06,1.79,1.0260415958332743,1,123
1116,154180020,2016-09-13,1.01,0.6981347220709844,1,120
1117,154180020,2016-09-16,9.67,2.367436065313662,1,121
1118,151180040,2016-11-22,1.47,0.9042181506398859,0,319
1119,150150010,2016-08-27,1.73,1.0043016091968684,0,201
1120,150150020,2016-08-27,0.41,0.3435897043900769,0,209
1121,149180090,2016-05-23,0.4,0.33647223662121295,1,247
1122,151220050,2016-08-28,0.34,0.29266961396282,2,362
1123,151220050,2016-09-07,0.26,0.23111172096338664,2,361
1124,150200010,2016-07-22,1.14,0.76080582903376,1,496
1125,150200010,2016-08-28,0.81,0.5933268452777344,1,497
1126,150210030,2016-07-22,0.5,0.4054651081081644,2,33
1127,150210030,2016-08-08,0.36,0.3074846997479606,2,32
1128,150210030,2016-08-28,0.3,0.26236426446749106,2,34
1129,152200110,2016-08-28,376.0,5.932245187448011,1,221
1130,150200120,2016-07-22,1.41,0.8796267475025636,2,13
1131,150200120,2016-08-28,1.01,0.6981347220709844,2,12
1132,153150020,2016-08-27,0.73,0.5481214085096876,1,17
1133,152160130,2016-09-13,1.45,0.8960880245566356,0,337
1134,150160130,2016-09-13,0.59,0.46373401623214017,0,113
1135,153170110,2016-05-06,0.72,0.5423242908253616,3,348
1136,153170110,2016-09-13,0.24,0.2151113796169455,3,347
1137,149200060,2016-05-23,1.55,0.9360933591703348,1,376
1138,149200080,2016-05-23,1.73,1.0043016091968684,1,392
1139,149200060,2016-08-28,0.46,0.3784364357202451,1,377
1140,149200080,2016-08-28,0.78,0.5766133643039938,1,391
1141,149200300,2016-08-08,12.5,2.6026896854443837,1,472
1142,149200300,2016-08-28,10.8,2.468099531471619,1,473
1143,149200290,2016-08-08,13.7,2.6878474937846906,1,476
1144,149200290,2016-08-28,12.5,2.6026896854443837,1,475
1145,153210040,2016-08-28,0.15,0.13976194237515868,3,140
1146,153210040,2016-10-17,0.28,0.2468600779315258,3,141
1147,153160070,2016-09-13,1.63,0.9669838461896731,0,453
1148,150180260,2016-05-23,0.78,0.5766133643039938,1,278
1149,152230090,2016-06-26,9.83,2.382320061012899,2,448
1150,152230090,2016-08-28,3.45,1.4929040961781488,2,449
1151,152230090,2016-10-17,4.99,1.790091412127358,2,447
1152,152230100,2016-06-26,3.22,1.4398351280479205,2,487
1153,152230100,2016-08-28,0.95,0.6678293725756554,2,489
1154,152230100,2016-10-17,1.48,0.9082585601768908,2,488
1155,150180090,2016-05-23,0.43,0.3576744442718159,0,38
1156,151180090,2016-09-13,0.56,0.44468582126144574,0,292
1157,151180090,2016-11-22,0.54,0.43178241642553783,0,293
1158,149200120,2016-08-08,0.67,0.5128236264286637,1,463
1159,149200120,2016-08-28,0.51,0.412109650826833,1,464
1160,150230010,2016-08-28,3.57,1.5195132049061133,2,280
1161,150230010,2016-10-17,3.62,1.5303947050936475,2,279
1162,150170120,2016-09-13,0.33,0.2851789422336624,0,93
1163,149220210,2016-08-28,0.93,0.6575200029167942,2,156
1164,149220210,2016-09-14,0.64,0.49469624183610705,2,155
1165,150210080,2016-08-08,0.38,0.32208349916911333,2,259
1166,150210080,2016-08-28,0.44,0.36464311358790924,2,260
1167,150220030,2016-08-08,55.0,4.02535169073515,2,109
1168,150220030,2016-08-28,37.1,3.6402142821326553,2,108
1169,150220030,2016-09-14,50.2,3.9357395320454622,2,107
1170,150190100,2016-05-23,6.43,2.005525858729668,1,291
1171,150190100,2016-08-28,5.56,1.8809906029559977,1,290
1172,151150150,2016-08-27,67.6,4.22829253473184,0,15
1173,151150150,2016-09-13,59.7,4.1059436980654525,0,13
1174,152170060,2016-05-23,69.8,4.259859000699674,0,265
1175,152170060,2016-09-10,26.8,3.3250360206965914,0,262
1176,152170060,2016-09-13,26.4,3.3105430133940246,0,263
1177,152150190,2016-06-05,45.5,3.839452312593311,0,406
1178,152150190,2016-08-27,29.4,3.414442608412176,0,405
1179,152150190,2016-09-13,29.7,3.4242626545931514,0,404
1180,152210130,2016-08-28,0.4,0.33647223662121295,3,250
1181,152210130,2016-10-17,0.67,0.5128236264286637,3,249
1182,151200090,2016-08-28,17.2,2.9014215940827497,2,399
1183,151200090,2016-09-07,16.3,2.8507065015037334,2,396
1184,151200090,2016-09-27,19.4,3.0155349008501706,2,397
1185,154190110,2016-09-13,0.25,0.22314355131420976,3,400
1186,151150100,2016-08-27,4.81,1.75958057086382,0,204
1187,153210210,2016-08-28,38.0,3.6635616461296463,2,473
1188,153210210,2016-10-17,53.3,3.9945242269398897,2,474
1189,149220010,2016-08-28,0.69,0.5247285289349821,2,195
1190,153230170,2016-06-26,1.26,0.8153648132841945,3,4
1191,153230170,2016-08-28,0.56,0.44468582126144574,3,5
1192,153230170,2016-10-17,1.28,0.8241754429663495,3,3
1193,149200240,2016-08-08,52.7,3.983413001514819,1,431
1194,149200250,2016-08-08,1.36,0.8586616190375187,1,485
1195,149200260,2016-08-08,0.21,0.1906203596086497,1,488
1196,149200240,2016-08-28,34.8,3.5779478934066544,1,430
1197,149200250,2016-08-28,1.2,0.7884573603642702,1,484
1198,149200260,2016-08-28,0.21,0.1906203596086497,1,487
1199,149200030,2016-08-08,5.56,1.8809906029559977,1,416
1200,149200030,2016-08-28,3.95,1.599387576580599,1,415
1201,149200050,2016-08-08,9.06,2.3085671646715933,1,419
1202,149200050,2016-08-28,8.92,2.2945529212967815,1,418
1203,150170060,2016-09-13,12.1,2.5726122302071057,0,77
1204,152160100,2016-08-27,38.9,3.686376323895818,0,269
1205,152160100,2016-09-16,53.0,3.9889840465642745,0,268
1206,152160030,2016-08-27,0.35,0.30010459245033805,0,374
1207,152160030,2016-09-13,0.12,0.11332868530700317,0,372
1208,154170230,2016-05-06,0.23,0.20701416938432615,1,107
1209,154170230,2016-09-13,0.24,0.2151113796169455,1,105
1210,154170230,2016-09-16,0.66,0.5068176023684519,1,106
1211,151170070,2016-05-23,0.72,0.5423242908253616,0,135
1212,151170070,2016-09-10,0.08,0.07696104113612832,0,133
1213,151170070,2016-09-13,0.08,0.07696104113612832,0,134
1214,151200080,2016-08-28,4.54,1.7119945007591926,2,432
1215,151200080,2016-09-07,2.14,1.144222799920162,2,430
1216,151200080,2016-09-27,1.86,1.0508216248317612,2,431
1217,150190330,2016-05-23,0.33,0.2851789422336624,1,368
1218,150190330,2016-08-28,0.29,0.2546422183735807,1,369
1219,153160250,2016-05-06,0.22,0.1988508587451652,0,449
1220,153160250,2016-08-27,0.07,0.06765864847381481,0,448
1221,153160250,2016-09-13,0.14,0.1310282624064041,0,445
1222,153160250,2016-09-16,3.06,1.4011829736136412,0,446
1223,151230030,2016-06-26,4.05,1.6193882432872684,3,207
1224,151230030,2016-08-08,0.63,0.48858001481867097,3,205
1225,151230030,2016-08-28,0.61,0.4762341789963716,3,206
1226,151230030,2016-09-07,0.51,0.412109650826833,3,203
1227,151230030,2016-10-17,0.74,0.5538851132264376,3,204
1228,149220030,2016-08-28,17.3,2.9069010598473755,2,82
1229,149180300,2016-05-23,46.5,3.8607297110405954,0,1
1230,150170030,2016-09-13,1.69,0.9895411936137477,0,101
1231,151180010,2016-09-13,0.17,0.15700374880966475,0,330
1232,151200040,2016-07-22,1.34,0.8501509293696101,2,424
1233,151200040,2016-08-28,2.16,1.1505720275988207,2,425
1234,151200040,2016-09-07,1.41,0.8796267475025636,2,426
1235,151200040,2016-09-27,1.05,0.7178397931503169,2,427
1236,150230050,2016-08-28,0.93,0.6575200029167942,2,312
1237,150230050,2016-10-17,0.43,0.3576744442718159,2,313
1238,151160140,2016-08-27,2.04,1.1118575154181303,0,142
1239,151160140,2016-09-13,0.81,0.5933268452777344,0,141
1240,149190260,2016-05-23,2.22,1.169381359556317,1,338
1241,149190260,2016-08-28,0.57,0.4510756193602167,1,337
1242,153220160,2016-08-28,2.81,1.3376291891386096,3,96
1243,153220170,2016-08-28,3.36,1.4724720573609429,3,39
1244,153220160,2016-10-17,3.15,1.423108334242607,3,97
1245,153220170,2016-10-17,5.31,1.8421356765531218,3,38
1246,153210090,2016-08-28,41.6,3.751854253275325,2,478
1247,153210090,2016-10-17,54.6,4.018183201256536,2,477
1248,151150020,2016-08-27,4.19,1.6467336971777973,0,233
1249,150220160,2016-08-28,2.64,1.2919836816486494,2,218
1250,150220160,2016-09-14,2.46,1.2412685890696329,2,216
1251,150190160,2016-05-23,13.7,2.6878474937846906,1,310
1252,150190160,2016-08-28,4.36,1.6789639750827106,1,309
1253,151210100,2016-08-28,0.24,0.2151113796169455,2,377
1254,151210100,2016-09-07,0.25,0.22314355131420976,2,376
1255,151220120,2016-06-26,2.01,1.1019400787607843,2,353
1256,151220120,2016-08-08,0.7,0.5306282510621704,2,351
1257,151220120,2016-08-28,0.73,0.5481214085096876,2,352
1258,151220120,2016-09-07,0.56,0.44468582126144574,2,349
1259,151220120,2016-10-17,0.78,0.5766133643039938,2,350
1260,154190100,2016-09-13,2.24,1.1755733298042381,3,397
1261,152230050,2016-06-26,4.04,1.6174060820832772,3,221
1262,152230050,2016-08-08,1.16,0.7701082216960736,3,222
1263,152230050,2016-08-28,1.0,0.6931471805599453,3,225
1264,152230050,2016-09-07,0.79,0.5822156198526637,3,223
1265,152230050,2016-10-17,1.67,0.9820784724121581,3,224
1266,149190150,2016-05-23,2.62,1.2864740258376797,1,323
1267,149190150,2016-08-28,6.22,1.9768549529047348,1,322
1268,152210020,2016-08-28,1.24,0.8064758658669485,2,439
1269,152210020,2016-09-07,0.81,0.5933268452777344,2,438
1270,152210020,2016-09-27,0.68,0.5187937934151676,2,441
1271,151160100,2016-08-27,2.9,1.3609765531356006,0,126
1272,153220010,2016-08-28,27.6,3.353406717825807,2,469
1273,153220010,2016-10-17,35.5,3.597312260588446,2,470
1274,150150050,2016-08-27,1.32,0.8415671856782186,0,193
1275,154160100,2016-05-06,0.57,0.4510756193602167,1,79
1276,154160100,2016-09-13,0.24,0.2151113796169455,1,77
1277,154160100,2016-09-16,1.33,0.8458682675776092,1,78
1278,150150060,2016-08-27,7.9,2.186051276738094,0,174
1279,153160180,2016-08-27,15.2,2.785011242238338,0,434
1280,153160180,2016-09-16,30.0,3.4339872044851463,0,431
1281,150200080,2016-05-23,21.8,3.126760535960395,2,4
1282,150200080,2016-07-22,12.3,2.5877640352277083,2,2
1283,150200080,2016-08-28,7.65,2.157559320943788,2,3
1284,153210190,2016-08-28,10.8,2.468099531471619,3,107
1285,153210190,2016-10-17,11.7,2.5416019934645457,3,108
1286,151180020,2016-09-13,2.71,1.3110318766193438,0,320
1287,150190190,2016-05-23,0.64,0.49469624183610705,1,260
1288,150190190,2016-08-28,0.17,0.15700374880966475,1,259
1289,152230040,2016-06-26,13.6,2.681021528714291,2,451
1290,152230040,2016-08-28,4.14,1.6370530794670737,2,453
1291,152230040,2016-10-17,6.16,1.9685099809725544,2,452
1292,151180140,2016-09-13,6.32,1.9906103279732201,0,295
1293,149180230,2016-05-23,0.42,0.35065687161316933,1,240
1294,154170130,2016-05-06,0.74,0.5538851132264376,1,132
1295,154170130,2016-09-13,0.62,0.4824261492442927,1,130
1296,154170130,2016-09-16,1.54,0.9321640810304452,1,131
1297,149220140,2016-08-28,3.19,1.4327007339340463,2,121
1298,150210100,2016-08-28,2.12,1.1378330018213911,2,31
1299,152140130,2016-08-27,112.0,4.727387818712341,0,23
1300,152140130,2016-09-13,87.9,4.487512142519859,0,22
1301,150200100,2016-05-23,108.0,4.6913478822291435,1,187
1302,150200100,2016-08-28,58.3,4.08260930600368,1,186
1303,150140010,2016-08-27,3.75,1.55814461804655,0,219
1304,149200010,2016-08-08,0.98,0.6830968447064438,1,455
1305,149200010,2016-08-28,1.39,0.8712933659434192,1,454
1306,152230020,2016-06-26,4.94,1.7817091333745536,3,211
1307,152230020,2016-08-08,2.11,1.1346227261911428,3,212
1308,152230020,2016-08-28,1.66,0.9783261227936076,3,213
1309,152230020,2016-09-07,1.52,0.924258901523332,3,209
1310,152230020,2016-10-17,1.91,1.068153081183401,3,210
1311,152180060,2016-09-13,0.08,0.07696104113612832,0,307
1312,154230010,2016-10-17,0.8,0.5877866649021191,3,451
1313,154210020,2016-10-17,2.88,1.355835153635182,3,416
1314,153220080,2016-08-28,2.05,1.11514159061932,3,88
1315,153220080,2016-10-17,2.58,1.275362800412609,3,89
1316,149200170,2016-05-23,15.5,2.803360380906535,1,388
1317,149200170,2016-08-28,6.69,2.0399207835175526,1,389
1318,154180270,2016-05-06,4.94,1.7817091333745536,3,389
1319,154180270,2016-09-13,5.21,1.8261608959453874,3,387
1320,152170040,2016-08-27,0.56,0.44468582126144574,0,346
1321,152170040,2016-09-16,1.05,0.7178397931503169,0,345
1322,154210080,2016-10-17,1.78,1.0224509277025458,3,432
1323,153220140,2016-08-28,2.72,1.3137236682850553,3,92
1324,153220140,2016-09-10,2.45,1.2383742310432684,3,93
1325,153220140,2016-10-17,2.95,1.3737155789130306,3,94
1326,150190120,2016-05-23,3.46,1.4951487660319727,1,261
1327,151190090,2016-07-22,7.72,2.1656192379208883,2,387
1328,151190090,2016-08-28,7.46,2.135349173618132,2,386
1329,149220190,2016-08-28,16.1,2.8390784635086144,2,91
1330,149220190,2016-09-14,36.4,3.6216707044204863,2,90
1331,151140030,2016-08-27,0.27,0.23901690047049992,0,240
1332,151140030,2016-09-13,0.16,0.14842000511827327,0,239
1333,151140040,2016-08-27,21.2,3.100092288878234,0,225
1334,151140040,2016-09-13,7.71,2.1644717908644115,0,224
1335,149180220,2016-05-23,0.83,0.6043159668533296,1,248
1336,153210170,2016-08-28,12.9,2.631888840136646,3,111
1337,153210170,2016-10-17,14.2,2.7212954278522306,3,112
1338,151220140,2016-08-28,0.4,0.33647223662121295,2,324
1339,151220140,2016-10-17,0.44,0.36464311358790924,2,325
1340,149210150,2016-08-28,3.66,1.5390154481375546,2,173
1341,151210190,2016-08-28,196.0,5.2832037287379885,1,204
1342,151210190,2016-09-07,237.0,5.472270673671475,1,203
1343,150210130,2016-08-28,7.92,2.188295946591918,2,47
1344,150190170,2016-05-23,41.4,3.747148362237912,1,174
1345,150190170,2016-08-28,18.3,2.9601050959108397,1,173
1346,150180170,2016-05-23,0.58,0.4574248470388754,0,59
1347,152170080,2016-05-23,51.4,3.9589065913269965,0,261
1348,152170080,2016-09-10,26.1,3.299533727885655,0,258
1349,152170080,2016-09-13,25.9,3.292126286607793,0,259
1350,149190340,2016-05-23,0.68,0.5187937934151676,1,374
1351,149190340,2016-08-08,0.27,0.23901690047049992,1,372
1352,149190340,2016-08-28,0.28,0.2468600779315258,1,373
1353,150180060,2016-05-23,51.5,3.960813169597578,0,6
1354,150180060,2016-10-23,34.9,3.580737295494233,0,3
1355,150180060,2016-11-22,21.0,3.091042453358316,0,4
1356,153220240,2016-08-28,1.14,0.76080582903376,3,52
1357,153220240,2016-09-10,1.19,0.7839015438284094,3,48
1358,153220240,2016-10-17,1.18,0.7793248768009976,3,49
1359,150190080,2016-05-23,4.04,1.6174060820832772,1,267
1360,150190080,2016-08-28,2.16,1.1505720275988207,1,266
1361,150210210,2016-08-08,62.9,4.157319361383489,2,114
1362,150210210,2016-08-28,39.3,3.696351468952637,2,113
1363,150210210,2016-09-14,59.3,4.09933210373314,2,115
1364,149190270,2016-05-23,2.71,1.3110318766193438,1,362
1365,149190270,2016-08-28,0.79,0.5822156198526637,1,363
1366,149190050,2016-05-23,2.4,1.2237754316221157,1,298
1367,149190050,2016-08-08,1.5,0.9162907318741551,1,297
1368,149190050,2016-08-28,1.7,0.9932517730102834,1,296
1369,153220200,2016-08-28,1.06,0.7227059828014898,3,76
1370,153220200,2016-10-17,0.81,0.5933268452777344,3,73
1371,150210010,2016-07-22,0.56,0.44468582126144574,2,27
1372,150210010,2016-08-08,0.43,0.3576744442718159,2,26
1373,150210010,2016-08-28,0.43,0.3576744442718159,2,28
1374,151140050,2016-08-27,4.84,1.7647307968401358,0,235
1375,151210060,2016-08-28,2.49,1.2499017362143359,2,370
1376,151210060,2016-09-07,2.58,1.275362800412609,2,369
1377,149210010,2016-08-08,2.04,1.1118575154181303,2,50
1378,149210010,2016-08-28,2.19,1.1600209167967532,2,51
1379,151230020,2016-06-26,0.78,0.5766133643039938,3,229
1380,151230020,2016-08-08,0.14,0.1310282624064041,3,230
1381,151230020,2016-08-28,0.09,0.08617769624105233,3,231
1382,151230020,2016-09-07,0.09,0.08617769624105233,3,227
1383,151230020,2016-10-17,0.21,0.1906203596086497,3,228
1384,151230050,2016-08-28,0.43,0.3576744442718159,3,200
1385,151230050,2016-10-17,0.44,0.36464311358790924,3,199
1386,150220020,2016-08-08,1.94,1.0784095813505903,2,233
1387,150220020,2016-08-28,1.38,0.8671004876833832,2,234
1388,150220020,2016-09-14,1.43,0.8878912573524571,2,232
1389,150180110,2016-05-23,1.87,1.0543120297715298,0,42
1390,149190160,2016-05-23,0.94,0.6626879730752367,1,360
1391,149190160,2016-08-28,1.17,0.7747271675523681,1,359
1392,150180140,2016-05-23,0.4,0.33647223662121295,0,43
1393,150180280,2016-05-23,0.58,0.4574248470388754,0,40
1394,150180130,2016-05-23,1.45,0.8960880245566356,0,41
1395,149220160,2016-08-28,0.76,0.5653138090500605,2,149
1396,149220160,2016-09-14,0.93,0.6575200029167942,2,147
1397,152160120,2016-08-27,0.1,0.09531017980432487,0,356
1398,150210040,2016-07-22,0.24,0.2151113796169455,2,256
1399,150210040,2016-08-08,0.17,0.15700374880966475,2,257
1400,150210040,2016-08-28,0.18,0.16551443847757338,2,258
1401,150220010,2016-08-28,3.66,1.5390154481375546,2,187
1402,150220070,2016-08-28,26.6,3.3178157727231046,2,103
1403,150220070,2016-09-14,42.9,3.7819143200811256,2,102
1404,151160020,2016-08-27,0.78,0.5766133643039938,0,124
1405,152170120,2016-05-23,0.72,0.5423242908253616,0,317
1406,152170120,2016-09-10,0.14,0.1310282624064041,0,314
1407,152170120,2016-09-13,0.13,0.12221763272424921,0,315
1408,150210170,2016-08-08,196.0,5.2832037287379885,1,197
1409,150210170,2016-08-28,129.0,4.867534450455582,1,198
1410,152200060,2016-08-28,0.15,0.13976194237515868,3,268
1411,154180010,2016-05-06,0.63,0.48858001481867097,3,367
1412,154180010,2016-09-13,0.43,0.3576744442718159,3,366
1413,150220040,2016-08-28,0.33,0.2851789422336624,2,214
1414,152140110,2016-08-27,1.15,0.7654678421395714,0,242
1415,154210010,2016-10-17,13.1,2.6461747973841225,3,410
1416,154160040,2016-05-06,1.08,0.7323678937132266,1,59
1417,154160040,2016-09-13,0.97,0.6780335427498971,1,57
1418,151220110,2016-06-26,5.45,1.864080130807681,2,341
1419,151220110,2016-08-08,1.54,0.9321640810304452,2,340
1420,151220110,2016-08-28,1.61,0.9593502213346021,2,339
1421,151220110,2016-09-07,1.47,0.9042181506398859,2,337
1422,151220110,2016-10-17,2.1,1.1314021114911006,2,338
1423,149210160,2016-08-28,2.86,1.3506671834767394,2,175
1424,150140020,2016-08-27,6.28,1.9851308622085946,0,221
1425,151180080,2016-09-13,19.3,3.0106208860477417,0,250
1426,150200060,2016-05-23,86.6,4.472780997942346,1,184
1427,150200060,2016-08-28,51.1,3.9531649487593215,1,183
1428,152190110,2016-05-26,0.83,0.6043159668533296,3,304
1429,152190110,2016-06-05,0.73,0.5481214085096876,3,305
1430,154170030,2016-05-06,2.46,1.2412685890696329,1,101
1431,154170030,2016-09-13,2.08,1.1249295969854831,1,99
1432,154170030,2016-09-16,5.09,1.8066480817218056,1,100
1433,149190220,2016-05-23,1.79,1.0260415958332743,1,354
1434,149190220,2016-08-28,3.27,1.4516138272405332,1,353
1435,149180100,2016-05-23,6.88,2.064327903869788,1,164
1436,150170140,2016-09-13,14.9,2.766319109226186,0,81
1437,152150110,2016-06-05,89.0,4.499809670330265,0,285
1438,152150110,2016-08-27,46.3,3.856510295497887,0,283
1439,152150110,2016-09-13,42.2,3.765840495250065,0,282
1440,150190250,2016-05-23,3.8,1.5686159179138452,1,288
1441,150190250,2016-08-28,3.2,1.4350845252893227,1,287
1442,152180050,2016-09-13,27.5,3.349904087274605,0,256
1443,150200090,2016-07-22,0.68,0.5187937934151676,2,18
1444,150200090,2016-08-28,0.43,0.3576744442718159,2,19
1445,151200110,2016-08-28,1.12,0.7514160886839212,2,366
1446,151200110,2016-09-07,1.02,0.7030975114131134,2,364
1447,151200110,2016-09-27,1.14,0.76080582903376,2,365
1448,154170010,2016-05-06,14.6,2.747270914255491,1,95
1449,154170010,2016-09-13,11.5,2.5257286443082556,1,93
1450,154170010,2016-09-16,21.9,3.131136910560194,1,94
1451,150190260,2016-05-23,65.3,4.194189897191817,1,177
1452,150190260,2016-08-28,39.5,3.7013019741124933,1,176
1453,152150170,2016-08-27,0.79,0.5822156198526637,0,162
1454,152150170,2016-09-13,0.95,0.6678293725756554,0,160
1455,154170060,2016-05-06,8.28,2.2278615467981093,1,117
1456,154170060,2016-09-13,8.14,2.2126603854660587,1,118
1457,154170060,2016-09-16,16.8,2.8791984572980396,1,119
1458,153170140,2016-05-06,20.2,3.054001181677967,3,336
1459,153170140,2016-09-13,14.8,2.760009940032921,3,333
1460,151220100,2016-08-28,3.74,1.556037135706985,2,334
1461,151220100,2016-10-17,3.56,1.5173226235262947,2,333
1462,153230080,2016-06-26,0.76,0.5653138090500605,3,20
1463,153230080,2016-08-28,0.42,0.35065687161316933,3,21
1464,153230080,2016-10-17,0.67,0.5128236264286637,3,19
1465,153230140,2016-06-26,1.74,1.007957920399979,3,16
1466,153230140,2016-08-28,0.88,0.6312717768418579,3,17
1467,153230140,2016-10-17,1.35,0.8544153281560676,3,15
1468,154170120,2016-05-06,2.86,1.3506671834767394,1,89
1469,154170120,2016-09-13,2.26,1.1817271953786161,1,87
1470,154170120,2016-09-16,4.62,1.7263316639055997,1,88
1471,151200020,2016-08-28,13.0,2.639057329615259,2,394
1472,151200020,2016-09-07,13.0,2.639057329615259,2,392
1473,151200020,2016-09-27,14.2,2.7212954278522306,2,393
1474,153210050,2016-08-28,1.31,0.8372475245337022,3,120
1475,153210050,2016-10-17,1.96,1.085189268335969,3,121
1476,149200140,2016-08-08,27.7,3.3568971227655755,1,421
1477,149200140,2016-08-28,18.7,2.9806186357439426,1,422
1478,150180100,2016-11-22,2.03,1.1085626195212777,0,69
1479,153160030,2016-09-13,0.28,0.2468600779315258,0,473
1480,154160070,2016-05-06,16.7,2.8735646395797834,1,72
1481,154160070,2016-09-13,8.93,2.295560478057081,1,70
1482,154160070,2016-09-16,18.5,2.970414465569701,1,71
1483,149200220,2016-08-08,15.2,2.785011242238338,1,478
1484,149200220,2016-08-28,13.2,2.653241964607215,1,479
1485,150210060,2016-08-08,1.65,0.9745596399981308,2,29
1486,150210060,2016-08-28,1.69,0.9895411936137477,2,30
1487,154179991,2016-05-06,0.17,0.15700374880966475,3,376
1488,154179991,2016-09-13,0.19,0.173953307123438,3,375
1489,153160080,2016-09-13,0.22,0.1988508587451652,1,34
1490,152200080,2016-08-28,0.46,0.3784364357202451,3,271
1491,149200130,2016-05-23,2.91,1.3635373739972745,1,401
1492,149200130,2016-08-28,0.57,0.4510756193602167,1,400
1493,153220130,2016-08-28,10.0,2.3978952727983707,2,462
1494,153220130,2016-10-17,19.8,3.0349529867072724,2,463
1495,149190310,2016-05-23,7.79,2.1736147116970854,1,383
1496,149190310,2016-08-28,3.05,1.3987168811184478,1,382
1497,152210050,2016-08-28,0.11,0.10436001532424277,3,260
1498,152210050,2016-10-17,0.04,0.039220713153281295,3,259
1499,150240010,2016-06-26,28.6,3.3877743613300146,3,166
1500,149190200,2016-05-23,1.69,0.9895411936137477,1,357
1501,149190210,2016-05-23,5.1,1.8082887711792655,1,340
1502,149190200,2016-08-28,3.56,1.5173226235262947,1,356
1503,149190210,2016-08-28,3.86,1.5810384379124023,1,341
1504,151190100,2016-07-22,11.5,2.5257286443082556,2,389
1505,151190100,2016-08-28,9.68,2.3683728335320486,2,390
1506,153230110,2016-06-26,5.26,1.8341801851120072,3,8
1507,153230110,2016-08-28,2.48,1.247032293786383,3,9
1508,153230110,2016-10-17,3.92,1.5933085305042167,3,7
1509,152220080,2016-06-26,16.2,2.8449093838194073,2,456
1510,152220080,2016-08-28,5.45,1.864080130807681,2,457
1511,152220080,2016-10-17,7.68,2.1610215286722587,2,455
1512,153170060,2016-05-06,9.94,2.392425796993835,3,330
1513,153170070,2016-05-06,4.08,1.6253112615903906,3,346
1514,153170060,2016-08-27,6.47,2.010894999144726,3,329
1515,153170070,2016-08-27,2.57,1.2725655957915476,3,345
1516,153170060,2016-09-13,5.82,1.9198594718553708,3,327
1517,153170070,2016-09-13,2.74,1.3190856114264407,3,342
1518,153170060,2016-09-16,6.17,1.969905654611529,3,326
1519,153170070,2016-09-16,2.87,1.3532545070416904,3,343
1520,150190070,2016-05-23,2.99,1.3837912309017721,1,282
1521,150190070,2016-08-28,1.82,1.0367368849500223,1,281
1522,149200020,2016-08-08,3.29,1.4562867329399256,1,448
1523,149200020,2016-08-28,4.2,1.6486586255873816,1,449
1524,152160080,2016-06-05,0.6,0.4700036292457356,0,363
1525,152160080,2016-08-27,0.16,0.14842000511827327,0,359
1526,152160080,2016-09-13,0.13,0.12221763272424921,0,357
1527,152160080,2016-09-16,1.47,0.9042181506398859,0,358
1528,149220020,2016-08-28,3.27,1.4516138272405332,2,140
1529,153220290,2016-08-28,0.28,0.2468600779315258,3,56
1530,153220290,2016-10-17,0.21,0.1906203596086497,3,55
1531,153160150,2016-05-06,0.64,0.49469624183610705,0,439
1532,153160150,2016-08-27,0.16,0.14842000511827327,0,438
1533,153160150,2016-09-13,0.25,0.22314355131420976,0,435
1534,153160150,2016-09-16,0.96,0.6729444732424258,0,436
1535,150210020,2016-08-28,134.0,4.90527477843843,1,194
1536,153210140,2016-08-28,0.55,0.4382549309311553,3,134
1537,153210140,2016-10-17,0.9,0.6418538861723948,3,135
1538,151150120,2016-08-27,10.5,2.4423470353692043,0,177
1539,151150130,2016-08-27,2.18,1.1568811967920856,0,199
1540,151150120,2016-09-13,7.58,2.149433913499871,0,176
1541,151150130,2016-09-13,1.46,0.9001613499442714,0,197
1542,153230070,2016-06-26,3.82,1.5727739280625088,3,31
1543,153230070,2016-08-28,0.67,0.5128236264286637,3,33
1544,153230070,2016-10-17,0.91,0.6471032420585385,3,32
1545,151160130,2016-09-13,66.8,4.216562194946349,0,9
1546,151160230,2016-09-13,0.27,0.23901690047049992,0,107
1547,152170010,2016-09-13,32.3,3.505557396986398,0,266
1548,151150170,2016-08-27,0.37,0.31481073984003355,0,123
1549,151220080,2016-06-26,10.7,2.4595888418037104,2,343
1550,151220080,2016-08-08,2.56,1.269760544863939,2,344
1551,151220080,2016-08-28,2.17,1.1537315878891892,2,347
1552,151220080,2016-09-07,2.39,1.220829921392359,2,345
1553,151220080,2016-10-17,4.09,1.6272778305624314,2,346
1554,154180150,2016-05-06,1530.0,7.333676395657684,1,236
1555,154180150,2016-09-13,416.0,6.0330862217988015,1,233
1556,149220100,2016-08-28,6.71,2.0425181875752383,2,128
1557,150160080,2016-09-13,0.58,0.4574248470388754,0,87
1558,150200040,2016-07-22,3.53,1.5107219394949427,2,15
1559,150200040,2016-08-28,2.2,1.1631508098056809,2,16
1560,149210060,2016-08-28,3.53,1.5107219394949427,2,53
1561,151230010,2016-08-28,6.0,1.9459101490553132,2,292
1562,151230010,2016-10-17,6.98,2.0769384114617173,2,291
1563,152170150,2016-05-23,1.43,0.8878912573524571,0,312
1564,152170150,2016-09-10,0.006,0.005982071677547464,0,309
1565,152170150,2016-09-13,0.019,0.01882175424058776,0,310
1566,149200110,2016-08-08,6.82,2.05668455455722,1,460
1567,149200110,2016-08-28,8.22,2.2213750375685026,1,461
1568,150220080,2016-08-28,5.95,1.9387416595767009,2,192
1569,150220080,2016-09-14,8.09,2.2071749081893874,2,191
1570,154150010,2016-05-02,19.0,2.995732273553991,1,29
1571,154150010,2016-05-12,16.7,2.8735646395797834,1,28
1572,152230060,2016-06-26,0.23,0.20701416938432615,2,492
1573,152230060,2016-08-28,0.035,0.0344014267173324,2,493
1574,152230060,2016-10-17,0.13,0.12221763272424921,2,491
1575,153170120,2016-05-06,19.1,3.0007198150650303,3,332
1576,153170120,2016-09-13,11.5,2.5257286443082556,3,331
1577,150180020,2016-11-22,2.84,1.3454723665996355,0,71
1578,150140030,2016-08-27,1.11,0.7466879474879752,0,232
1579,150180120,2016-05-23,1.23,0.8020015854720274,0,44
1580,153160020,2016-09-13,4.1,1.62924053973028,1,37
1581,149200150,2016-08-08,0.73,0.5481214085096876,1,469
1582,149200150,2016-08-28,0.56,0.44468582126144574,1,470
1583,149190040,2016-08-08,0.79,0.5822156198526637,1,312
1584,149190040,2016-08-28,0.67,0.5128236264286637,1,311
1585,153160170,2016-08-27,1.83,1.0402767116551463,0,385
1586,153160170,2016-09-16,5.33,1.8453002361560848,0,384
1587,153160160,2016-08-27,17.7,2.928523523860541,0,389
1588,153160160,2016-09-16,37.6,3.653252276470785,0,388
1589,153210080,2016-08-28,2.4,1.2237754316221157,3,124
1590,153210080,2016-10-17,2.54,1.264126727145683,3,125
1591,151180110,2016-09-13,23.1,3.1822118404966093,0,252
1592,149180110,2016-05-23,1.98,1.091923300517313,1,163
1593,149190180,2016-05-23,6.05,1.9530276168241771,1,344
1594,149190180,2016-08-28,7.74,2.167910189667444,1,343
1595,153210120,2016-08-28,0.66,0.5068176023684519,3,144
1596,153210120,2016-10-17,0.81,0.5933268452777344,3,143
1597,150210070,2016-08-28,0.7,0.5306282510621704,2,24
1598,152210040,2016-08-28,257.0,5.552959584921617,1,213
1599,152210040,2016-09-07,240.0,5.484796933490655,1,210
1600,152210040,2016-09-27,398.0,5.988961416889864,1,212
1601,154180050,2016-05-06,0.11,0.10436001532424277,1,135
1602,154180050,2016-09-13,0.06,0.058268908123975775,1,133
1603,154180050,2016-09-16,0.54,0.43178241642553783,1,134
1604,154170180,2016-05-06,2.36,1.2119409739751128,3,350
1605,154170180,2016-09-13,2.03,1.1085626195212777,3,349
1606,151210010,2016-07-22,1.24,0.8064758658669485,2,241
1607,151210010,2016-08-28,1.42,0.8837675401685949,2,242
1608,150190280,2016-07-22,2.38,1.2178757094949273,2,384
1609,150190280,2016-08-28,4.45,1.6956156086751528,2,383
1610,151200070,2016-07-22,0.19,0.173953307123438,2,414
1611,151200070,2016-08-28,0.18,0.16551443847757338,2,413
1612,154180080,2016-05-06,4.26,1.6601310267496183,1,142
1613,154180080,2016-09-13,3.85,1.578978704949392,1,141
1614,154210070,2016-10-17,1.82,1.0367368849500223,3,426
1615,151180150,2016-09-13,0.05,0.04879016416943201,0,298
1616,153140080,2016-05-02,1.9,1.0647107369924282,1,19
1617,153200160,2016-08-28,0.73,0.5481214085096876,3,152
1618,153200160,2016-10-17,1.14,0.76080582903376,3,153
1619,153160110,2016-05-06,3.6,1.5260563034950494,0,466
1620,153160110,2016-08-27,2.14,1.144222799920162,0,464
1621,153160110,2016-09-13,2.4,1.2237754316221157,0,461
1622,153160110,2016-09-16,4.74,1.747459210331475,0,462
1623,150210050,2016-08-28,0.31,0.27002713721306015,2,36
1624,151160070,2016-08-27,0.82,0.598836501088704,0,128
1625,150230020,2016-08-28,5.06,1.801709800081223,2,284
1626,150230020,2016-10-17,5.67,1.8976198599275325,2,285
1627,149180140,2016-05-23,0.84,0.6097655716208943,1,162
1628,149180140,2016-08-28,0.33,0.2851789422336624,1,161
1629,149180160,2016-05-23,0.52,0.41871033485818504,1,159
1630,149180180,2016-05-23,0.42,0.35065687161316933,1,155
1631,149180200,2016-05-23,0.19,0.173953307123438,1,151
1632,149180160,2016-08-08,0.19,0.173953307123438,1,157
1633,149180180,2016-08-08,0.25,0.22314355131420976,1,153
1634,149180200,2016-08-08,0.18,0.16551443847757338,1,149
1635,149180160,2016-08-28,0.09,0.08617769624105233,1,158
1636,149180180,2016-08-28,0.19,0.173953307123438,1,154
1637,149180200,2016-08-28,0.14,0.1310282624064041,1,150
1638,151220040,2016-08-08,0.32,0.2776317365982795,2,268
1639,151220040,2016-08-28,0.3,0.26236426446749106,2,269
1640,151220040,2016-09-07,0.3,0.26236426446749106,2,267
1641,153220070,2016-08-28,21.9,3.131136910560194,2,464
1642,153220070,2016-10-17,33.6,3.543853682063679,2,465
1643,152200070,2016-08-28,0.07,0.06765864847381481,3,297
1644,152200070,2016-09-07,0.07,0.06765864847381481,3,298
1645,152200070,2016-09-27,0.05,0.04879016416943201,3,299
1646,150210220,2016-07-22,0.2,0.18232155679395462,2,262
1647,150210220,2016-08-08,0.14,0.1310282624064041,2,264
1648,150210220,2016-08-28,0.14,0.1310282624064041,2,263
1649,151230040,2016-06-26,56.2,4.046553898385752,3,176
1650,151230040,2016-08-08,22.9,3.173878458937465,3,174
1651,151230040,2016-08-28,20.8,3.0819099697950434,3,175
1652,151230040,2016-09-07,17.7,2.928523523860541,3,172
1653,151230040,2016-10-17,10.8,2.468099531471619,3,173
1654,150150100,2016-08-27,1.79,1.0260415958332743,0,172
1655,153220220,2016-08-28,1.42,0.8837675401685949,3,78
1656,153220220,2016-10-17,1.28,0.8241754429663495,3,77
1657,152210070,2016-08-28,1.38,0.8671004876833832,2,436
1658,152210070,2016-09-07,0.74,0.5538851132264376,2,435
1659,152160050,2016-06-05,90.2,4.513054897080286,0,274
1660,152160050,2016-08-27,43.4,3.793239469438179,0,273
1661,152160050,2016-09-13,39.2,3.6938669956249752,0,272
1662,152200150,2016-08-28,392.0,5.973809611869261,1,223
1663,153170040,2016-08-27,0.53,0.4252677354043441,0,420
1664,153170040,2016-09-16,1.48,0.9082585601768908,0,417
1665,152210090,2016-08-28,63.9,4.1728476237100445,3,196
1666,152210090,2016-10-17,55.8,4.039536325727106,3,194
1667,152200030,2016-08-28,400.0,5.993961427306569,1,225
1668,153160190,2016-05-06,6.56,2.0228711901914416,0,460
1669,153160190,2016-08-27,4.26,1.6601310267496183,0,457
1670,153160190,2016-09-13,4.26,1.6601310267496183,0,458
1671,153160190,2016-09-16,8.44,2.2449559801574095,0,459
1672,152230200,2016-06-26,132.0,4.890349128221754,3,186
1673,152230200,2016-08-28,44.3,3.8133070324889884,3,185
1674,152230200,2016-10-17,39.2,3.6938669956249752,3,184
1675,149220050,2016-08-28,5.66,1.8961194845522977,2,144
1676,151150160,2016-08-27,0.3,0.26236426446749106,0,131
1677,150220120,2016-08-28,1.79,1.0260415958332743,2,305
1678,150220120,2016-10-17,1.48,0.9082585601768908,2,304
1679,149190320,2016-08-08,0.042,0.04114194333117518,1,451
1680,149190320,2016-08-28,0.16,0.14842000511827327,1,452
1681,149190380,2016-08-08,1.44,0.8919980393051105,1,445
1682,149190380,2016-08-28,1.83,1.0402767116551463,1,446
1683,152220010,2016-08-28,1.34,0.8501509293696101,3,251
1684,152220010,2016-09-07,1.3,0.832909122935104,3,252
1685,152210060,2016-08-28,54.2,4.01096295328305,2,481
1686,152210060,2016-10-17,69.6,4.257030144499196,2,480
1687,154180030,2016-05-06,1.31,0.8372475245337022,1,139
1688,154180030,2016-09-13,1.31,0.8372475245337022,1,137
1689,154180030,2016-09-16,7.14,2.096790180014449,1,138
1690,150220130,2016-08-28,1.44,0.8919980393051105,2,168
1691,150220130,2016-09-14,0.83,0.6043159668533296,2,167
1692,153210180,2016-08-28,0.3,0.26236426446749106,3,133
1693,153210180,2016-10-17,0.35,0.30010459245033805,3,132
1694,149190170,2016-05-23,9.35,2.336986519711378,1,347
1695,149190170,2016-08-28,9.16,2.318458442150336,1,346
1696,149220130,2016-08-28,21.6,3.1179499062782403,2,76
1697,151190110,2016-08-28,0.95,0.6678293725756554,2,422
1698,151190110,2016-09-07,1.14,0.76080582903376,2,419
1699,151190110,2016-09-27,1.41,0.8796267475025636,2,420
1700,153230060,2016-06-26,0.36,0.3074846997479606,3,23
1701,153220180,2016-08-28,0.1,0.09531017980432487,3,28
1702,153230060,2016-08-28,0.16,0.14842000511827327,3,25
1703,153220180,2016-10-17,0.16,0.14842000511827327,3,29
1704,153230060,2016-10-17,0.62,0.4824261492442927,3,24
1705,154170150,2016-05-06,0.85,0.6151856390902335,1,110
1706,154170150,2016-09-13,0.86,0.6205764877251099,1,109
1707,154170150,2016-09-16,1.17,0.7747271675523681,1,108
1708,150210190,2016-08-08,265.0,5.583496308781699,1,200
1709,150210190,2016-08-28,163.0,5.099866427824199,1,199
1710,149190190,2016-05-23,0.87,0.6259384308664953,1,350
1711,149190190,2016-08-28,1.13,0.7561219797213337,1,349
1712,152150220,2016-08-27,0.7,0.5306282510621704,0,365
1713,152150220,2016-09-13,0.77,0.5709795465857378,0,364
1714,149210100,2016-08-28,0.41,0.3435897043900769,2,58
1715,150170010,2016-09-13,0.18,0.16551443847757338,0,100
1716,151170050,2016-09-13,0.51,0.412109650826833,0,119
1717,149180050,2016-05-23,0.82,0.598836501088704,0,34
1718,154230040,2016-06-26,1.66,0.9783261227936076,3,464
1719,154230040,2016-08-28,0.61,0.4762341789963716,3,465
1720,154230040,2016-10-17,0.61,0.4762341789963716,3,463
1721,152220030,2016-08-28,0.16,0.14842000511827327,3,247
1722,152220030,2016-10-17,0.17,0.15700374880966475,3,246
1723,149200280,2016-08-28,38.3,3.6712245188752153,1,433
1724,151140060,2016-08-27,16.2,2.8449093838194073,0,222
1725,151150010,2016-08-27,0.5,0.4054651081081644,0,237
1726,150220170,2016-08-28,1.17,0.7747271675523681,2,273
1727,150220170,2016-10-17,1.13,0.7561219797213337,2,271
1728,149190090,2016-05-23,0.57,0.4510756193602167,1,318
1729,149190090,2016-08-08,0.35,0.30010459245033805,1,319
1730,149190090,2016-08-28,0.76,0.5653138090500605,1,320
1731,150200170,2016-08-28,45.4,3.8372994592322094,1,434
1732,151150070,2016-08-27,2.37,1.2149127443642704,0,212
1733,151150080,2016-08-27,20.3,3.0587070727153796,0,181
1734,151150070,2016-09-13,1.14,0.76080582903376,0,210
1735,151150080,2016-09-13,11.6,2.533696813957432,0,180
1736,149210130,2016-08-28,2.59,1.2781522025001875,2,184
1737,153140100,2016-05-02,2.83,1.3428648031925547,1,14
1738,149210070,2016-08-28,0.71,0.5364933705145685,2,44
1739,149190100,2016-05-23,12.0,2.5649493574615367,1,304
1740,149190100,2016-08-28,10.6,2.451005098112319,1,303
